DATE,DAILY_COUNT,MEAN_TEMP,TOTAL_RAIN,TOTAL_SNOW
2014-04-15,1577,5.6,8.6,0.4
2014-04-16,3180,-3.4,0.0,0.0
2014-04-17,5852,2.4,0.0,0.0
2014-04-18,5325,6.3,0.0,0.0
2014-04-19,6031,5.1,0.4,0.0
2014-04-20,6058,5.8,0.0,0.0
2014-04-21,6839,13.3,1.2,0.0
2014-04-22,4729,9.9,10.4,0.0
2014-04-23,8624,7.7,0.0,0.0
2014-04-24,10576,7.3,0.0,0.0
2014-04-25,11851,5.8,0.0,0.0
2014-04-26,2906,5.6,11.4,0.0
2014-04-27,5904,6.4,2.0,0.0
2014-04-28,10669,7.1,0.0,0.0
2014-04-29,12238,11.1,2.8,0.0
2014-04-30,5905,7.9,30.8,0.0
2014-05-01,8981,11.1,8.2,0.0
2014-05-02,12359,10.6,0.6,0.0
2014-05-03,9228,12.1,0.8,0.0
2014-05-04,3807,9.7,19.4,0.0
2014-05-05,12206,9.9,0.0,0.0
2014-05-06,14950,9.6,0.0,0.0
2014-05-07,16482,9.5,0.0,0.0
2014-05-08,17143,11.0,0.0,0.0
2014-05-09,14628,14.8,4.2,0.0
2014-05-10,14110,17.9,4.4,0.0
2014-05-11,13252,16.7,0.0,0.0
2014-05-12,17446,15.8,0.0,0.0
2014-05-13,15750,13.4,1.4,0.0
2014-05-14,17598,19.3,0.0,0.0
2014-05-15,19045,22.9,0.0,0.0
2014-05-16,8642,16.3,29.8,0.0
2014-05-17,11385,11.9,10.8,0.0
2014-05-18,14015,11.5,0.0,0.0
2014-05-19,14190,14.7,0.0,0.0
2014-05-20,19517,15.8,0.0,0.0
2014-05-21,20172,17.1,0.0,0.0
2014-05-22,14021,16.0,1.0,0.0
2014-05-23,17568,15.8,0.0,0.0
2014-05-24,17292,16.4,0.0,0.0
2014-05-25,16948,17.3,4.6,0.0
2014-05-26,13859,19.6,3.6,0.0
2014-05-27,9240,12.8,4.2,0.0
2014-05-28,14333,12.1,0.6,0.0
2014-05-29,20476,13.3,0.0,0.0
2014-05-30,18633,17.3,2.0,0.0
2014-05-31,17985,14.7,0.0,0.0
2014-06-01,17441,17.5,0.0,0.0
2014-06-02,20298,23.1,0.0,0.0
2014-06-03,13181,23.6,22.0,0.0
2014-06-04,19847,17.7,0.2,0.0
2014-06-05,17146,15.2,0.6,0.0
2014-06-06,19583,18.0,0.0,0.0
2014-06-07,19545,20.4,0.0,0.0
2014-06-08,16959,21.3,0.0,0.0
2014-06-09,19917,23.6,0.0,0.0
2014-06-10,19328,20.2,0.4,0.0
2014-06-11,16544,18.6,10.4,0.0
2014-06-12,6827,15.4,26.2,0.0
2014-06-13,8330,18.4,41.4,0.0
2014-06-14,13765,17.2,1.4,0.0
2014-06-15,16225,18.6,0.0,0.0
2014-06-16,20082,18.1,0.0,0.0
2014-06-17,19885,20.6,23.4,0.0
2014-06-18,20808,21.2,2.0,0.0
2014-06-19,23603,19.6,0.0,0.0
2014-06-20,21204,16.9,0.0,0.0
2014-06-21,16144,16.3,0.0,0.0
2014-06-22,16424,17.7,0.0,0.0
2014-06-23,19344,20.1,0.0,0.0
2014-06-24,6017,20.6,40.0,0.0
2014-06-25,18202,21.1,0.2,0.0
2014-06-26,22762,21.7,0.0,0.0
2014-06-27,22242,21.7,0.0,0.0
2014-06-28,18528,22.8,0.0,0.0
2014-06-29,17092,24.9,0.0,0.0
2014-06-30,18590,26.3,0.0,0.0
2014-07-01,16015,27.4,0.0,0.0
2014-07-02,21418,25.5,0.0,0.0
2014-07-03,19773,21.7,0.6,0.0
2014-07-04,20298,19.7,3.2,0.0
2014-07-05,18473,21.1,0.0,0.0
2014-07-06,16425,23.1,0.0,0.0
2014-07-07,12873,21.5,10.0,0.0
2014-07-08,18613,24.8,7.0,0.0
2014-07-09,20499,20.6,0.0,0.0
2014-07-10,22179,18.7,0.0,0.0
2014-07-11,22347,19.4,0.0,0.0
2014-07-12,18076,21.7,0.0,0.0
2014-07-13,8302,21.8,11.0,0.0
2014-07-14,20394,20.9,0.0,0.0
2014-07-15,17022,19.8,2.8,0.0
2014-07-16,22732,20.7,0.0,0.0
2014-07-17,21568,18.7,0.2,0.0
2014-07-18,21666,20.1,0.0,0.0
2014-07-19,18747,22.0,0.0,0.0
2014-07-20,16346,23.5,0.0,0.0
2014-07-21,20529,25.1,0.0,0.0
2014-07-22,21379,25.1,0.0,0.0
2014-07-23,16406,22.1,11.4,0.0
2014-07-24,22761,18.4,0.0,0.0
2014-07-25,21138,20.3,0.0,0.0
2014-07-26,17299,21.0,0.2,0.0
2014-07-27,11674,21.5,10.2,0.0
2014-07-28,7884,16.4,9.8,0.0
2014-07-29,20014,16.7,0.0,0.0
2014-07-30,18946,18.9,0.8,0.0
2014-07-31,17556,18.1,12.8,0.0
2014-08-01,21638,20.5,0.0,0.0
2014-08-02,19277,22.0,0.0,0.0
2014-08-03,18104,22.3,0.0,0.0
2014-08-04,19895,23.0,0.6,0.0
2014-08-05,20024,21.6,1.6,0.0
2014-08-06,21498,20.3,0.0,0.0
2014-08-07,20112,19.5,6.2,0.0
2014-08-08,21596,20.5,0.0,0.0
2014-08-09,17416,22.1,0.0,0.0
2014-08-10,15972,22.6,0.0,0.0
2014-08-11,20662,23.8,0.0,0.0
2014-08-12,19237,23.5,2.2,0.0
2014-08-13,4069,18.6,44.4,0.0
2014-08-14,17348,14.8,0.0,0.0
2014-08-15,13450,14.9,5.2,0.0
2014-08-16,7529,16.6,13.2,0.0
2014-08-17,12673,18.7,0.0,0.0
2014-08-18,19012,17.0,0.0,0.0
2014-08-19,21218,17.1,0.0,0.0
2014-08-20,21304,20.1,0.0,0.0
2014-08-21,19326,20.5,0.0,0.0
2014-08-22,19678,20.6,0.0,0.0
2014-08-23,17152,20.4,0.0,0.0
2014-08-24,16015,21.1,0.0,0.0
2014-08-25,20109,23.3,0.0,0.0
2014-08-26,21367,22.8,0.4,0.0
2014-08-27,20274,22.0,0.0,0.0
2014-08-28,19936,18.1,0.0,0.0
2014-08-29,21333,17.0,0.0,0.0
2014-08-30,17099,22.0,0.2,0.0
2014-08-31,12457,22.6,11.2,0.0
2014-09-01,14072,22.3,0.0,0.0
2014-09-02,17298,23.5,4.4,0.0
2014-09-03,21408,21.8,0.0,0.0
2014-09-04,21696,22.0,0.4,0.0
2014-09-05,18809,25.5,3.0,0.0
2014-09-06,9733,16.9,5.0,0.0
2014-09-07,14419,16.4,0.0,0.0
2014-09-08,19983,18.1,0.0,0.0
2014-09-09,20412,18.7,0.0,0.0
2014-09-10,20589,19.7,0.0,0.0
2014-09-11,13756,17.6,7.2,0.0
2014-09-12,16776,10.1,0.0,0.0
2014-09-13,6051,9.3,19.0,0.0
2014-09-14,9559,7.8,0.0,0.0
2014-09-15,16424,11.6,0.2,0.0
2014-09-16,17248,14.0,0.4,0.0
2014-09-17,17264,12.6,2.6,0.0
2014-09-18,16814,7.9,0.2,0.0
2014-09-19,16978,7.1,0.0,0.0
2014-09-20,12144,14.5,0.2,0.0
2014-09-21,8564,18.6,6.2,0.0
2014-09-22,14918,10.5,0.0,0.0
2014-09-23,15534,12.3,1.2,0.0
2014-09-24,17593,14.3,0.0,0.0
2014-09-25,18808,16.8,0.0,0.0
2014-09-26,19276,18.7,0.0,0.0
2014-09-27,15881,19.2,0.0,0.0
2014-09-28,14412,19.8,0.0,0.0
2014-09-29,15182,13.4,0.0,0.0
2014-09-30,15944,13.3,0.0,0.0
2014-10-01,16110,13.5,0.0,0.0
2014-10-02,17107,14.5,0.0,0.0
2014-10-03,17562,16.0,0.0,0.0
2014-10-04,3930,13.2,23.6,0.0
2014-10-05,8653,10.8,0.0,0.0
2014-10-06,13914,12.2,0.4,0.0
2014-10-07,11476,15.1,4.0,0.0
2014-10-08,8482,13.1,19.8,0.0
2014-10-09,12396,8.9,0.8,0.0
2014-10-10,12676,8.2,0.0,0.0
2014-10-11,8772,7.9,0.0,0.0
2014-10-12,8666,7.9,0.0,0.0
2014-10-13,8165,10.0,0.0,0.0
2014-10-14,15513,19.3,0.0,0.0
2014-10-15,13944,20.9,6.4,0.0
2014-10-16,8630,18.2,7.6,0.0
2014-10-17,13322,16.4,0.4,0.0
2014-10-18,7758,11.4,1.4,0.0
2014-10-19,6845,5.3,0.0,0.0
2014-10-20,10083,4.3,1.2,0.0
2014-10-21,7835,6.5,3.0,0.0
2014-10-22,10941,9.3,0.0,0.0
2014-10-23,7396,7.8,5.8,0.0
2014-10-24,10998,8.2,1.0,0.0
2014-10-25,7112,9.2,3.8,0.0
2014-10-26,6800,9.1,0.8,0.0
2014-10-27,11346,8.5,0.2,0.0
2014-10-28,10474,10.4,6.2,0.0
2014-10-29,11951,11.4,0.6,0.0
2014-10-30,11726,6.4,0.0,0.0
2014-10-31,11235,4.4,0.0,0.0
2014-11-01,6262,4.4,0.0,0.0
2014-11-02,5936,3.7,0.0,0.0
2014-11-03,9023,2.7,0.0,0.0
2014-11-04,9337,8.0,2.4,0.0
2014-11-05,9985,9.0,2.0,0.0
2014-11-06,9413,5.5,3.0,0.0
2014-11-07,7222,2.3,1.8,0.0
2014-11-08,5584,1.5,0.2,0.0
2014-11-09,4929,4.6,0.0,0.0
2014-11-10,8733,5.3,0.0,0.0
2014-11-11,9710,6.4,0.0,0.0
2014-11-12,6515,5.0,3.8,0.0
2014-11-13,8001,2.0,0.0,0.0
2014-11-14,6989,-1.0,0.0,0.0
2014-11-15,3754,-1.7,0.0,0.0
2014-11-16,0,1.4,0.0,0.8
2014-11-17,0,0.5,0.0,12.6
2014-11-18,0,-1.6,0.0,2.0
2014-11-19,0,-4.9,0.0,0.6
2014-11-20,0,-2.6,0.0,0.4
2014-11-21,0,-6.4,0.0,0.0
2014-11-22,0,-2.5,3.4,0.4
2014-11-23,0,5.4,0.0,0.0
2014-11-24,0,12.4,16.0,0.0
2014-11-25,0,4.9,0.0,0.0
2014-11-26,0,0.8,0.0,0.0
2014-11-27,0,-2.0,0.0,0.0
2014-11-28,0,-5.5,0.0,0.4
2014-11-29,0,-4.6,0.0,0.0
2014-11-30,0,3.0,0.6,0.0
2014-12-01,0,-1.3,0.2,0.0
2014-12-02,0,-9.1,0.0,6.2
2014-12-03,0,0.1,5.4,0.6
2014-12-04,0,-5.6,0.0,0.0
2014-12-05,0,-8.9,0.0,2.2
2014-12-06,0,-3.6,0.0,0.6
2014-12-07,0,-8.9,0.0,0.0
2014-12-08,0,-8.1,0.0,0.0
2014-12-09,0,-2.3,0.0,6.8
2014-12-10,0,-0.3,0.0,20.0
2014-12-11,0,-1.4,0.2,4.8
2014-12-12,0,-3.0,0.0,2.0
2014-12-13,0,-3.8,0.0,0.0
2014-12-14,0,-2.9,0.0,0.0
2014-12-15,0,-1.0,0.0,0.0
2014-12-16,0,-0.4,0.0,0.0
2014-12-17,0,0.2,2.0,0.2
2014-12-18,0,-1.0,0.0,2.0
2014-12-19,0,-7.0,0.0,0.0
2014-12-20,0,-11.7,0.0,0.0
2014-12-21,0,-8.8,0.0,0.2
2014-12-22,0,-7.1,0.0,0.0
2014-12-23,0,-1.4,2.6,3.0
2014-12-24,0,4.3,32.0,0.0
2014-12-25,0,5.7,1.0,0.0
2014-12-26,0,3.0,0.0,0.0
2014-12-27,0,4.2,0.2,0.0
2014-12-28,0,2.5,0.8,0.0
2014-12-29,0,-5.9,0.0,0.0
2014-12-30,0,-12.6,0.0,0.0
2014-12-31,0,-10.6,0.0,0.0
2015-01-01,0,-5.3,0.0,1.8
2015-01-02,0,-8.8,0.0,0.0
2015-01-03,0,-13.1,0.0,17.0
2015-01-04,0,-2.8,26.8,0.4
2015-01-05,0,-11.6,0.0,0.0
2015-01-06,0,-13.9,0.0,2.2
2015-01-07,0,-17.7,0.0,3.8
2015-01-08,0,-17.5,0.0,2.2
2015-01-09,0,-10.4,0.0,2.6
2015-01-10,0,-11.2,0.0,0.4
2015-01-11,0,-8.2,0.0,0.0
2015-01-12,0,-9.4,0.0,4.2
2015-01-13,0,-20.1,0.0,0.0
2015-01-14,0,-18.9,0.0,0.0
2015-01-15,0,-12.8,0.0,0.8
2015-01-16,0,-11.3,0.0,1.4
2015-01-17,0,-19.4,0.0,0.0
2015-01-18,0,-6.3,0.0,4.4
2015-01-19,0,-6.1,0.0,1.0
2015-01-20,0,-16.0,0.0,0.0
2015-01-21,0,-15.7,0.0,0.0
2015-01-22,0,-13.7,0.0,0.0
2015-01-23,0,-6.3,0.0,0.0
2015-01-24,0,-1.8,0.0,0.4
2015-01-25,0,-9.7,0.0,0.0
2015-01-26,0,-18.1,0.0,0.0
2015-01-27,0,-12.9,0.0,0.0
2015-01-28,0,-11.9,0.0,0.0
2015-01-29,0,-8.2,0.0,3.4
2015-01-30,0,-10.4,0.0,4.8
2015-01-31,0,-18.8,0.0,0.0
2015-02-01,0,-17.2,0.0,0.0
2015-02-02,0,-19.9,0.0,6.8
2015-02-03,0,-16.5,0.0,0.6
2015-02-04,0,-6.6,0.0,7.0
2015-02-05,0,-14.7,0.0,0.2
2015-02-06,0,-17.1,0.0,2.4
2015-02-07,0,-15.2,0.0,0.2
2015-02-08,0,-16.2,0.0,8.6
2015-02-09,0,-13.7,0.0,0.4
2015-02-10,0,-11.0,0.0,0.2
2015-02-11,0,-14.3,0.0,2.2
2015-02-12,0,-12.8,0.0,5.0
2015-02-13,0,-20.9,0.0,0.0
2015-02-14,0,-17.4,0.0,1.2
2015-02-15,0,-17.9,0.0,0.0
2015-02-16,0,-20.2,0.0,0.0
2015-02-17,0,-18.6,0.0,0.0
2015-02-18,0,-14.3,0.0,0.2
2015-02-19,0,-13.3,0.0,6.0
2015-02-20,0,-17.1,0.0,1.6
2015-02-21,0,-12.6,0.0,4.0
2015-02-22,0,-7.6,0.0,1.2
2015-02-23,0,-17.9,0.0,0.0
2015-02-24,0,-17.1,0.0,0.0
2015-02-25,0,-11.1,0.0,0.8
2015-02-26,0,-17.1,0.0,0.0
2015-02-27,0,-15.7,0.0,0.0
2015-02-28,0,-11.3,0.0,0.0
2015-03-01,0,-10.4,0.0,0.2
2015-03-02,0,-7.2,0.0,1.0
2015-03-03,0,-11.4,0.0,6.0
2015-03-04,0,-2.0,0.0,0.0
2015-03-05,0,-12.2,0.0,0.6
2015-03-06,0,-13.8,0.0,0.0
2015-03-07,0,-7.8,0.0,0.4
2015-03-08,0,-3.4,0.0,0.8
2015-03-09,0,-0.5,0.0,1.8
2015-03-10,0,1.9,0.0,0.0
2015-03-11,0,3.8,0.0,0.0
2015-03-12,0,-4.6,0.0,0.0
2015-03-13,0,-6.0,0.0,0.0
2015-03-14,0,-1.5,1.0,7.4
2015-03-15,0,-4.1,0.0,2.0
2015-03-16,0,-4.6,0.0,0.0
2015-03-17,0,-3.2,0.0,1.8
2015-03-18,0,-8.5,0.0,0.0
2015-03-19,0,-7.4,0.0,0.0
2015-03-20,0,-3.4,0.0,0.0
2015-03-21,0,-4.3,0.0,3.8
2015-03-22,0,-12.2,0.0,0.0
2015-03-23,0,-11.0,0.0,0.0
2015-03-24,0,-6.7,0.0,0.0
2015-03-25,0,-0.9,0.6,0.0
2015-03-26,0,3.2,1.4,0.0
2015-03-27,0,-1.7,0.4,3.6
2015-03-28,0,-5.6,0.0,0.0
2015-03-29,0,-3.3,0.0,0.0
2015-03-30,0,1.7,1.0,1.0
2015-03-31,0,-1.4,0.0,0.0
2015-04-01,0,-2.4,0.0,0.0
2015-04-02,0,3.7,3.0,0.0
2015-04-03,0,9.0,4.2,0.0
2015-04-04,0,0.5,4.6,4.4
2015-04-05,0,-2.2,0.0,0.0
2015-04-06,0,-1.7,0.0,0.6
2015-04-07,0,0.9,0.0,0.0
2015-04-08,0,1.4,0.0,3.2
2015-04-09,0,3.6,6.6,0.0
2015-04-10,0,7.3,12.0,0.0
2015-04-11,0,5.5,0.0,0.0
2015-04-12,0,9.6,0.0,0.0
2015-04-13,0,12.1,4.0,0.0
2015-04-14,0,11.1,0.0,0.0
2015-04-15,7951,7.9,0.0,0.0
2015-04-16,9989,8.0,0.0,0.0
2015-04-17,11286,13.3,0.0,0.0
2015-04-18,6222,6.2,0.0,0.0
2015-04-19,8611,6.4,0.0,0.0
2015-04-20,5322,7.6,12.4,0.0
2015-04-21,6618,8.4,17.6,0.0
2015-04-22,7139,6.9,3.0,0.0
2015-04-23,7169,4.1,2.2,0.0
2015-04-24,8177,2.5,0.0,0.0
2015-04-25,8222,6.4,0.0,0.0
2015-04-26,8364,7.8,0.0,0.0
2015-04-27,9606,10.0,0.8,0.0
2015-04-28,14685,11.7,0.0,0.0
2015-04-29,15264,11.5,0.0,0.0
2015-04-30,15646,11.3,0.0,0.0
2015-05-01,17753,13.5,0.0,0.0
2015-05-02,18046,15.5,0.0,0.0
2015-05-03,16847,17.8,0.0,0.0
2015-05-04,15945,20.7,1.6,0.0
2015-05-05,19629,14.9,0.0,0.0
2015-05-06,20508,16.0,0.0,0.0
2015-05-07,21330,19.2,0.0,0.0
2015-05-08,22887,21.0,0.0,0.0
2015-05-09,15793,20.5,9.8,0.0
2015-05-10,11871,19.3,1.4,0.0
2015-05-11,7936,10.9,17.6,0.0
2015-05-12,13184,15.9,0.0,0.0
2015-05-13,19380,12.1,0.0,0.0
2015-05-14,20946,12.2,0.0,0.0
2015-05-15,20114,14.3,0.0,0.0
2015-05-16,14642,17.7,0.0,0.0
2015-05-17,19752,19.3,0.0,0.0
2015-05-18,15881,20.6,9.4,0.0
2015-05-19,18957,19.4,0.0,0.0
2015-05-20,18268,11.2,0.0,0.0
2015-05-21,20149,13.9,0.0,0.0
2015-05-22,16229,8.6,0.4,0.0
2015-05-23,15746,10.0,0.0,0.0
2015-05-24,17924,19.2,0.0,0.0
2015-05-25,9892,18.3,24.8,0.0
2015-05-26,20991,21.9,0.0,0.0
2015-05-27,21141,24.6,0.0,0.0
2015-05-28,17450,17.2,6.0,0.0
2015-05-29,24943,17.9,0.0,0.0
2015-05-30,18177,20.8,4.2,0.0
2015-05-31,13367,11.4,2.0,0.0
2015-06-01,14401,11.6,2.8,0.0
2015-06-02,13119,9.9,2.0,0.0
2015-06-03,21042,11.1,0.0,0.0
2015-06-04,23329,16.3,0.0,0.0
2015-06-05,16872,19.3,8.6,0.0
2015-06-06,20646,14.4,0.0,0.0
2015-06-07,17390,14.7,0.0,0.0
2015-06-08,10193,18.2,27.8,0.0
2015-06-09,12438,19.1,8.8,0.0
2015-06-10,20120,19.8,4.0,0.0
2015-06-11,21015,19.7,0.0,0.0
2015-06-12,12799,17.5,11.4,0.0
2015-06-13,21399,19.6,0.0,0.0
2015-06-14,20099,18.1,0.0,0.0
2015-06-15,18135,19.3,0.6,0.0
2015-06-16,13055,18.4,25.6,0.0
2015-06-17,23665,16.2,0.0,0.0
2015-06-18,21480,21.0,4.2,0.0
2015-06-19,22801,16.2,0.0,0.0
2015-06-20,20797,17.2,0.0,0.0
2015-06-21,14018,21.8,19.6,0.0
2015-06-22,20961,21.9,6.2,0.0
2015-06-23,18740,22.2,2.4,0.0
2015-06-24,18034,18.9,3.0,0.0
2015-06-25,22312,16.9,0.0,0.0
2015-06-26,23463,18.0,0.0,0.0
2015-06-27,21157,18.6,0.0,0.0
2015-06-28,4746,16.2,12.6,0.0
2015-06-29,19176,15.7,0.0,0.0
2015-06-30,19836,19.5,9.8,0.0
2015-07-01,8278,19.2,9.8,0.0
2015-07-02,22641,18.2,0.0,0.0
2015-07-03,24956,18.7,0.0,0.0
2015-07-04,22580,19.5,0.0,0.0
2015-07-05,19349,21.6,0.0,0.0
2015-07-06,21809,22.3,0.0,0.0
2015-07-07,18717,25.3,1.6,0.0
2015-07-08,23231,19.3,0.8,0.0
2015-07-09,23493,19.3,0.0,0.0
2015-07-10,23661,22.4,0.0,0.0
2015-07-11,19728,23.2,0.0,0.0
2015-07-12,17820,25.0,0.0,0.0
2015-07-13,21022,25.1,0.0,0.0
2015-07-14,21509,21.9,0.0,0.0
2015-07-15,23812,18.1,0.0,0.0
2015-07-16,23527,16.9,0.0,0.0
2015-07-17,19968,19.0,5.8,0.0
2015-07-18,15914,21.8,2.0,0.0
2015-07-19,12892,24.4,35.8,0.0
2015-07-20,21794,23.5,0.0,0.0
2015-07-21,13304,20.0,30.2,0.0
2015-07-22,21277,18.4,0.0,0.0
2015-07-23,21317,20.5,1.2,0.0
2015-07-24,19790,20.2,1.4,0.0
2015-07-25,18883,20.2,4.0,0.0
2015-07-26,15900,23.2,0.0,0.0
2015-07-27,18438,24.5,1.4,0.0
2015-07-28,21083,24.4,0.0,0.0
2015-07-29,21806,26.8,0.0,0.0
2015-07-30,20028,25.1,4.6,0.0
2015-07-31,22338,22.7,0.0,0.0
2015-08-01,19066,20.9,7.4,0.0
2015-08-02,19031,21.0,0.0,0.0
2015-08-03,19632,22.4,1.0,0.0
2015-08-04,21426,21.6,3.2,0.0
2015-08-05,20879,20.0,0.0,0.0
2015-08-06,21246,18.4,0.0,0.0
2015-08-07,20517,17.1,0.0,0.0
2015-08-08,18989,18.2,0.0,0.0
2015-08-09,16846,20.6,0.0,0.0
2015-08-10,19854,21.4,26.4,0.0
2015-08-11,10218,19.4,47.2,0.0
2015-08-12,18269,20.0,1.8,0.0
2015-08-13,21054,19.7,4.2,0.0
2015-08-14,15306,20.2,4.2,0.0
2015-08-15,18507,23.5,0.4,0.0
2015-08-16,17085,24.5,0.0,0.0
2015-08-17,20375,25.4,0.0,0.0
2015-08-18,20420,26.3,5.0,0.0
2015-08-19,21084,25.9,0.0,0.0
2015-08-20,21094,24.9,8.6,0.0
2015-08-21,20700,21.8,5.8,0.0
2015-08-22,18311,20.2,0.0,0.0
2015-08-23,17295,21.9,0.0,0.0
2015-08-24,19526,23.6,0.0,0.0
2015-08-25,21043,20.4,1.2,0.0
2015-08-26,21741,19.3,0.2,0.0
2015-08-27,21244,18.8,0.0,0.0
2015-08-28,22407,18.4,0.0,0.0
2015-08-29,17030,19.2,0.0,0.0
2015-08-30,16935,21.8,0.0,0.0
2015-08-31,20375,21.0,0.0,0.0
2015-09-01,21915,20.7,0.0,0.0
2015-09-02,21277,22.6,0.0,0.0
2015-09-03,22019,22.2,0.0,0.0
2015-09-04,21783,19.4,0.0,0.0
2015-09-05,18403,20.6,0.0,0.0
2015-09-06,17799,24.6,0.0,0.0
2015-09-07,13404,27.1,16.0,0.0
2015-09-08,20236,24.5,0.0,0.0
2015-09-09,19920,22.4,0.2,0.0
2015-09-10,21626,19.9,0.0,0.0
2015-09-11,22293,19.3,0.0,0.0
2015-09-12,8250,16.9,13.6,0.0
2015-09-13,5340,17.7,31.6,0.0
2015-09-14,12876,17.7,6.4,0.0
2015-09-15,20619,20.0,0.0,0.0
2015-09-16,21470,21.6,0.0,0.0
2015-09-17,21525,22.3,0.0,0.0
2015-09-18,22126,22.2,0.0,0.0
2015-09-19,14808,21.2,11.6,0.0
2015-09-20,15172,13.8,0.0,0.0
2015-09-21,18907,14.2,0.0,0.0
2015-09-22,21454,16.7,0.0,0.0
2015-09-23,20778,18.0,0.0,0.0
2015-09-24,20054,14.7,0.0,0.0
2015-09-25,17680,11.1,0.0,0.0
2015-09-26,14191,11.5,0.0,0.0
2015-09-27,13637,14.5,0.0,0.0
2015-09-28,12774,17.9,3.0,0.0
2015-09-29,10886,19.1,30.0,0.0
2015-09-30,10100,9.8,5.2,0.0
2015-10-01,15371,9.3,0.0,0.0
2015-10-02,14334,8.5,0.0,0.0
2015-10-03,10072,8.1,0.0,0.0
2015-10-04,9404,9.1,0.0,0.0
2015-10-05,14463,10.1,0.0,0.0
2015-10-06,15290,13.2,0.0,0.0
2015-10-07,15846,13.0,0.0,0.0
2015-10-08,15490,8.0,7.2,0.0
2015-10-09,7072,6.7,7.2,0.0
2015-10-10,8866,6.3,0.0,0.0
2015-10-11,8544,12.8,0.0,0.0
2015-10-12,10699,17.8,0.0,0.0
2015-10-13,10677,15.0,3.2,0.0
2015-10-14,13289,8.7,0.0,0.0
2015-10-15,11995,8.1,14.2,0.0
2015-10-16,12637,8.2,8.2,0.0
2015-10-17,5705,2.1,5.0,1.0
2015-10-18,5790,0.2,0.0,0.0
2015-10-19,9759,2.3,0.6,0.0
2015-10-20,12938,12.2,0.0,0.0
2015-10-21,12059,5.3,0.0,0.0
2015-10-22,11607,10.2,3.2,0.0
2015-10-23,11550,3.9,0.0,0.0
2015-10-24,7761,5.3,9.0,0.0
2015-10-25,5444,8.9,9.0,0.0
2015-10-26,10651,3.2,0.0,0.0
2015-10-27,11591,3.7,0.0,0.0
2015-10-28,6047,5.3,31.2,0.0
2015-10-29,9520,10.9,8.6,0.0
2015-10-30,10578,3.6,0.8,0.0
2015-10-31,7548,2.5,0.0,0.0
2015-11-01,4004,9.2,6.2,0.0
2015-11-02,10702,8.0,0.4,0.0
2015-11-03,11659,10.1,0.2,0.0
2015-11-04,11670,7.5,0.0,0.0
2015-11-05,12663,10.7,0.0,0.0
2015-11-06,10343,14.7,1.0,0.0
2015-11-07,7783,6.8,0.0,0.0
2015-11-08,5961,3.1,0.0,0.0
2015-11-09,9678,6.8,0.0,0.0
2015-11-10,10350,6.4,0.0,0.0
2015-11-11,10033,7.4,0.2,0.0
2015-11-12,6013,9.1,15.6,0.0
2015-11-13,6738,5.2,0.0,0.0
2015-11-14,4705,2.0,0.0,0.0
2015-11-15,4105,4.0,0.0,0.0
2015-11-16,0,2.2,0.0,0.0
2015-11-17,0,-0.1,0.0,0.0
2015-11-18,0,2.5,0.0,0.0
2015-11-19,0,11.6,8.6,0.0
2015-11-20,0,5.5,0.0,0.0
2015-11-21,0,1.7,0.0,0.0
2015-11-22,0,2.3,0.4,0.0
2015-11-23,0,-2.9,0.0,0.0
2015-11-24,0,-4.9,0.0,1.8
2015-11-25,0,-2.0,0.0,0.0
2015-11-26,0,6.7,0.2,0.0
2015-11-27,0,7.6,13.6,0.4
2015-11-28,0,-1.5,0.0,0.0
2015-11-29,0,-3.3,0.0,0.0
2015-11-30,0,-6.5,0.0,0.0
2015-12-01,0,-1.6,5.6,0.0
2015-12-02,0,2.9,11.2,0.0
2015-12-03,0,2.6,1.6,0.0
2015-12-04,0,2.9,0.0,0.2
2015-12-05,0,4.3,0.0,0.0
2015-12-06,0,2.6,0.0,0.0
2015-12-07,0,1.1,0.0,0.0
2015-12-08,0,1.8,0.0,0.0
2015-12-09,0,3.7,0.0,0.0
2015-12-10,0,7.8,0.0,0.0
2015-12-11,0,10.2,0.0,0.0
2015-12-12,0,5.8,0.0,0.0
2015-12-13,0,1.4,2.4,0.0
2015-12-14,0,2.3,7.6,0.0
2015-12-15,0,2.3,5.6,0.0
2015-12-16,0,0.6,0.0,0.0
2015-12-17,0,3.2,13.0,0.0
2015-12-18,0,4.1,0.0,0.0
2015-12-19,0,-1.7,0.0,0.0
2015-12-20,0,-3.1,0.0,0.0
2015-12-21,0,1.3,9.4,0.0
2015-12-22,0,2.8,4.2,0.0
2015-12-23,0,6.2,6.6,0.0
2015-12-24,0,11.1,2.2,0.0
2015-12-25,0,4.3,0.0,0.0
2015-12-26,0,0.9,0.0,0.0
2015-12-27,0,-1.1,4.2,2.6
2015-12-28,0,-7.5,0.0,0.0
2015-12-29,0,-9.8,0.0,39.2
2015-12-30,0,-7.2,0.2,5.6
2015-12-31,0,-2.8,0.0,0.4
2016-01-01,0,-2.0,0.0,1.2
2016-01-02,0,-2.1,0.0,1.0
2016-01-03,0,-7.1,0.2,4.8
2016-01-04,0,-16.5,0.0,0.0
2016-01-05,0,-13.8,0.0,0.0
2016-01-06,0,-5.8,0.0,0.0
2016-01-07,0,-4.6,0.0,0.0
2016-01-08,0,-3.0,0.0,0.0
2016-01-09,0,3.0,2.6,0.8
2016-01-10,0,3.4,9.2,0.0
2016-01-11,0,-6.3,0.0,0.0
2016-01-12,0,-7.2,0.0,4.8
2016-01-13,0,-9.1,0.0,0.0
2016-01-14,0,-12.2,0.2,1.6
2016-01-15,0,-11.1,0.0,0.0
2016-01-16,0,-5.4,0.0,1.0
2016-01-17,0,-8.1,0.0,0.2
2016-01-18,0,-11.1,0.0,7.6
2016-01-19,0,-12.8,0.0,0.4
2016-01-20,0,-8.3,0.0,0.0
2016-01-21,0,-11.2,0.0,0.0
2016-01-22,0,-6.8,0.0,0.0
2016-01-23,0,-11.3,0.0,0.0
2016-01-24,0,-11.7,0.0,0.0
2016-01-25,0,-3.6,0.0,0.2
2016-01-26,0,1.8,2.4,2.0
2016-01-27,0,-2.6,0.0,0.0
2016-01-28,0,-3.1,0.0,1.0
2016-01-29,0,-3.3,0.0,0.8
2016-01-30,0,-5.0,0.0,0.0
2016-01-31,0,-0.4,2.0,0.0
2016-02-01,0,4.4,0.2,0.0
2016-02-02,0,-3.0,0.0,0.0
2016-02-03,0,1.5,15.2,4.4
2016-02-04,0,3.9,0.0,0.0
2016-02-05,0,-3.0,0.0,0.0
2016-02-06,0,-1.7,0.0,3.0
2016-02-07,0,-4.0,0.0,0.2
2016-02-08,0,-7.5,0.0,0.2
2016-02-09,0,-7.0,0.0,2.4
2016-02-10,0,-6.8,0.0,1.8
2016-02-11,0,-13.0,0.0,0.6
2016-02-12,0,-13.0,0.0,5.0
2016-02-13,0,-18.8,0.0,0.0
2016-02-14,0,-23.7,0.0,0.0
2016-02-15,0,-14.2,0.0,0.0
2016-02-16,0,-3.6,13.0,13.2
2016-02-17,0,-5.8,0.0,0.2
2016-02-18,0,-7.2,0.0,3.0
2016-02-19,0,-7.2,0.0,3.0
2016-02-20,0,2.0,3.8,2.8
2016-02-21,0,-3.2,0.0,0.2
2016-02-22,0,-10.7,0.0,0.0
2016-02-23,0,-9.5,0.0,0.0
2016-02-24,0,-2.5,19.8,8.2
2016-02-25,0,-1.3,1.2,0.4
2016-02-26,0,-8.4,0.0,0.0
2016-02-27,0,-4.1,0.0,0.0
2016-02-28,0,-3.2,0.2,4.6
2016-02-29,0,-4.1,7.4,0.8
2016-03-01,0,-11.9,0.0,0.6
2016-03-02,0,-11.0,0.0,8.4
2016-03-03,0,-15.2,0.0,0.0
2016-03-04,0,-11.4,0.0,0.0
2016-03-05,0,-9.0,0.0,0.0
2016-03-06,0,-2.7,0.0,0.0
2016-03-07,0,1.6,0.4,6.4
2016-03-08,0,2.4,0.0,0.0
2016-03-09,0,5.8,0.4,0.0
2016-03-10,0,4.9,0.0,0.0
2016-03-11,0,2.5,0.2,0.0
2016-03-12,0,4.4,0.0,0.0
2016-03-13,0,4.2,0.0,0.0
2016-03-14,0,1.7,3.6,0.0
2016-03-15,0,6.2,3.0,0.0
2016-03-16,0,5.6,6.4,0.0
2016-03-17,0,6.4,4.0,0.0
2016-03-18,0,-0.8,0.0,1.6
2016-03-19,0,-4.2,0.0,0.0
2016-03-20,0,-3.8,0.0,0.0
2016-03-21,0,-1.0,0.0,0.0
2016-03-22,0,-0.5,0.0,2.0
2016-03-23,0,-0.1,0.0,1.0
2016-03-24,0,-4.0,0.0,4.8
2016-03-25,0,-0.3,5.0,0.0
2016-03-26,0,0.4,0.0,0.0
2016-03-27,0,5.0,0.0,0.0
2016-03-28,0,5.1,21.0,0.0
2016-03-29,0,2.7,0.8,0.0
2016-03-30,0,4.1,0.2,0.0
2016-03-31,0,11.1,28.0,0.0
2016-04-01,0,9.8,2.4,0.0
2016-04-02,0,3.0,2.2,0.0
2016-04-03,0,-6.2,0.0,0.0
2016-04-04,0,-6.4,0.0,0.0
2016-04-05,0,-4.7,0.0,0.0
2016-04-06,0,-0.8,0.0,10.6
2016-04-07,0,2.3,43.4,1.4
2016-04-08,0,0.1,2.0,0.2
2016-04-09,0,-2.2,0.0,0.0
2016-04-10,0,-2.4,0.0,0.0
2016-04-11,0,3.0,14.4,2.8
2016-04-12,0,4.2,0.6,0.0
2016-04-13,0,2.2,0.0,0.0
2016-04-14,0,3.8,0.0,0.0
2016-04-15,9487,6.3,0.0,0.0
2016-04-16,11006,8.1,0.0,0.0
2016-04-17,13626,12.3,0.0,0.0
2016-04-18,5876,8.3,12.2,0.0
2016-04-19,12511,8.3,0.0,0.0
2016-04-20,13351,6.4,0.0,0.0
2016-04-21,15844,11.9,0.2,0.0
2016-04-22,9543,11.3,8.2,0.0
2016-04-23,13250,7.3,0.0,0.0
2016-04-24,10523,5.4,0.0,0.0
2016-04-25,12282,4.9,0.0,0.0
2016-04-26,12529,4.4,0.0,0.0
2016-04-27,12050,2.9,0.0,0.0
2016-04-28,12959,2.9,0.0,0.0
2016-04-29,14515,5.0,0.0,0.0
2016-04-30,15162,8.2,0.0,0.0
2016-05-01,5536,7.5,9.6,0.0
2016-05-02,10069,6.6,1.4,0.0
2016-05-03,16959,7.6,0.0,0.0
2016-05-04,15415,8.9,0.0,0.0
2016-05-05,19034,11.3,0.0,0.0
2016-05-06,21358,13.7,0.0,0.0
2016-05-07,18883,17.8,1.4,0.0
2016-05-08,6408,7.7,7.8,0.0
2016-05-09,13900,6.3,0.0,0.0
2016-05-10,19517,12.7,0.0,0.0
2016-05-11,20770,12.7,0.0,0.0
2016-05-12,22922,17.2,0.0,0.0
2016-05-13,16082,17.1,4.4,0.0
2016-05-14,15019,14.9,5.4,0.0
2016-05-15,8193,6.1,0.6,0.0
2016-05-16,11531,6.2,0.0,0.0
2016-05-17,16164,9.1,0.2,0.0
2016-05-18,20223,11.5,0.0,0.0
2016-05-19,20262,14.0,0.2,0.0
2016-05-20,23820,16.0,0.0,0.0
2016-05-21,20819,18.0,0.0,0.0
2016-05-22,21162,18.6,0.0,0.0
2016-05-23,19109,18.9,0.0,0.0
2016-05-24,23456,20.3,0.0,0.0
2016-05-25,21398,19.6,0.0,0.0
2016-05-26,24205,18.1,0.0,0.0
2016-05-27,20778,22.8,1.2,0.0
2016-05-28,25101,22.3,0.0,0.0
2016-05-29,28884,21.9,1.4,0.0
2016-05-30,22718,24.3,0.0,0.0
2016-05-31,24044,20.4,0.0,0.0
2016-06-01,25775,19.1,0.0,0.0
2016-06-02,16823,20.2,6.4,0.0
2016-06-03,29263,21.6,0.0,0.0
2016-06-04,26131,20.4,0.0,0.0
2016-06-05,6604,17.2,32.0,0.0
2016-06-06,20458,20.1,1.0,0.0
2016-06-07,22152,17.6,1.2,0.0
2016-06-08,19233,11.3,1.0,0.0
2016-06-09,16147,11.0,0.2,0.0
2016-06-10,24797,14.5,0.0,0.0
2016-06-11,18882,13.7,0.0,0.0
2016-06-12,12262,13.2,0.0,0.0
2016-06-13,20921,15.3,4.6,0.0
2016-06-14,25256,17.6,0.0,0.0
2016-06-15,25897,20.1,0.0,0.0
2016-06-16,27300,19.4,0.0,0.0
2016-06-17,27180,20.2,0.0,0.0
2016-06-18,24253,21.9,0.0,0.0
2016-06-19,20197,25.2,0.0,0.0
2016-06-20,22926,26.7,0.0,0.0
2016-06-21,25160,20.8,0.0,0.0
2016-06-22,18832,17.7,7.6,0.0
2016-06-23,25797,19.1,0.2,0.0
2016-06-24,20095,18.6,0.0,0.0
2016-06-25,20111,23.0,0.0,0.0
2016-06-26,23375,24.9,0.0,0.0
2016-06-27,17063,24.3,2.8,0.0
2016-06-28,16908,22.9,8.8,0.0
2016-06-29,19725,19.0,1.4,0.0
2016-06-30,25925,21.5,0.0,0.0
2016-07-01,17083,21.3,4.6,0.0
2016-07-02,18896,16.9,0.0,0.0
2016-07-03,22251,20.0,2.0,0.0
2016-07-04,26009,22.6,0.0,0.0
2016-07-05,27287,23.4,0.0,0.0
2016-07-06,26688,25.1,0.0,0.0
2016-07-07,25918,21.1,0.2,0.0
2016-07-08,25123,19.6,0.0,0.0
2016-07-09,9897,17.9,16.0,0.0
2016-07-10,13432,15.7,0.6,0.0
2016-07-11,25194,19.9,0.0,0.0
2016-07-12,26204,23.3,0.0,0.0
2016-07-13,24944,26.9,0.0,0.0
2016-07-14,23037,24.7,7.2,0.0
2016-07-15,23389,24.0,1.0,0.0
2016-07-16,22291,20.2,0.0,0.0
2016-07-17,20679,23.0,0.0,0.0
2016-07-18,21784,23.8,16.0,0.0
2016-07-19,25275,19.3,0.2,0.0
2016-07-20,26327,20.6,0.0,0.0
2016-07-21,25813,24.1,2.6,0.0
2016-07-22,23966,26.9,0.8,0.0
2016-07-23,15975,22.5,17.2,0.0
2016-07-24,20858,19.3,0.0,0.0
2016-07-25,16491,22.5,5.8,0.0
2016-07-26,25639,23.5,0.0,0.0
2016-07-27,27088,24.1,0.0,0.0
2016-07-28,26881,23.7,0.0,0.0
2016-07-29,26192,21.5,0.0,0.0
2016-07-30,25817,21.8,0.0,0.0
2016-07-31,29907,22.4,0.0,0.0
2016-08-01,24672,23.3,0.0,0.0
2016-08-02,26132,23.5,0.0,0.0
2016-08-03,25677,23.5,0.0,0.0
2016-08-04,24700,27.0,0.0,0.0
2016-08-05,24042,27.4,0.0,0.0
2016-08-06,21548,24.1,0.0,0.0
2016-08-07,19480,22.0,0.0,0.0
2016-08-08,24219,22.6,0.0,0.0
2016-08-09,26281,21.0,0.0,0.0
2016-08-10,25440,26.3,0.0,0.0
2016-08-11,25614,27.0,0.0,0.0
2016-08-12,17638,22.6,3.2,0.0
2016-08-13,8605,18.5,33.0,0.0
2016-08-14,14865,21.6,15.8,0.0
2016-08-15,24537,22.0,0.0,0.0
2016-08-16,12391,21.0,67.0,0.0
2016-08-17,24649,22.0,0.2,0.0
2016-08-18,25681,22.5,0.0,0.0
2016-08-19,25885,21.1,0.0,0.0
2016-08-20,21963,24.1,0.0,0.0
2016-08-21,9175,23.0,14.8,0.0
2016-08-22,22112,17.6,0.8,0.0
2016-08-23,24958,19.9,0.0,0.0
2016-08-24,25527,23.6,0.0,0.0
2016-08-25,20430,24.2,1.8,0.0
2016-08-26,25929,24.3,0.0,0.0
2016-08-27,22550,21.5,0.0,0.0
2016-08-28,21582,23.7,0.0,0.0
2016-08-29,23987,21.2,0.0,0.0
2016-08-30,24324,20.7,0.0,0.0
2016-08-31,23581,21.6,8.4,0.0
2016-09-01,25149,18.3,0.4,0.0
2016-09-02,24763,17.4,0.0,0.0
2016-09-03,20320,16.7,0.0,0.0
2016-09-04,20811,18.7,0.0,0.0
2016-09-05,18534,19.7,0.0,0.0
2016-09-06,24297,21.0,0.0,0.0
2016-09-07,25137,22.8,1.0,0.0
2016-09-08,16616,23.5,12.2,0.0
2016-09-09,25776,23.2,0.0,0.0
2016-09-10,19023,22.1,5.4,0.0
2016-09-11,15448,16.7,1.0,0.0
2016-09-12,22998,16.6,0.0,0.0
2016-09-13,24388,20.1,0.0,0.0
2016-09-14,21885,15.7,0.6,0.0
2016-09-15,23220,12.2,0.0,0.0
2016-09-16,24017,14.2,0.0,0.0
2016-09-17,14889,18.7,2.0,0.0
2016-09-18,15867,22.6,0.8,0.0
2016-09-19,22729,20.7,0.0,0.0
2016-09-20,23768,20.2,0.0,0.0
2016-09-21,24284,19.4,0.0,0.0
2016-09-22,21520,17.0,1.6,0.0
2016-09-23,19034,13.3,2.6,0.0
2016-09-24,16935,11.7,0.0,0.0
2016-09-25,17971,11.6,0.0,0.0
2016-09-26,19562,11.3,1.2,0.0
2016-09-27,21019,16.4,2.4,0.0
2016-09-28,20892,15.6,0.0,0.0
2016-09-29,20831,13.2,0.0,0.0
2016-09-30,20535,13.4,0.0,0.0
2016-10-01,15507,14.9,0.0,0.0
2016-10-02,10092,14.6,1.6,0.0
2016-10-03,19313,14.0,0.0,0.0
2016-10-04,20357,12.2,0.0,0.0
2016-10-05,21073,14.1,0.0,0.0
2016-10-06,21864,16.1,0.0,0.0
2016-10-07,21539,17.5,0.0,0.0
2016-10-08,5837,14.1,17.6,0.0
2016-10-09,10961,9.3,0.0,0.0
2016-10-10,9640,7.2,0.0,0.0
2016-10-11,18036,9.9,0.0,0.0
2016-10-12,19418,14.5,0.0,0.0
2016-10-13,13715,9.1,7.4,0.0
2016-10-14,17260,5.7,0.0,0.0
2016-10-15,13310,10.3,0.0,0.0
2016-10-16,5941,14.8,13.0,0.0
2016-10-17,16134,11.9,0.0,0.0
2016-10-18,14415,16.4,5.8,0.0
2016-10-19,18708,13.1,0.0,0.0
2016-10-20,10542,10.0,26.4,0.0
2016-10-21,5372,9.1,32.8,0.0
2016-10-22,3055,5.4,29.4,0.0
2016-10-23,6377,6.7,2.6,0.0
2016-10-24,12020,5.0,0.0,0.0
2016-10-25,12421,3.2,0.0,0.0
2016-10-26,12211,1.3,0.0,0.0
2016-10-27,9670,2.6,16.4,0.0
2016-10-28,8809,4.7,3.0,0.0
2016-10-29,4448,5.5,7.0,0.0
2016-10-30,8429,5.3,0.0,0.0
2016-10-31,11233,3.1,0.0,0.0
2016-11-01,11844,5.5,0.4,0.0
2016-11-02,14442,10.9,0.0,0.0
2016-11-03,8427,8.2,10.0,0.0
2016-11-04,11142,3.1,0.4,0.0
2016-11-05,7375,5.4,1.2,0.0
2016-11-06,7062,3.8,0.4,0.0
2016-11-07,11426,3.9,0.0,0.0
2016-11-08,13340,8.4,0.0,0.0
2016-11-09,11536,4.6,0.2,0.0
2016-11-10,11130,5.2,0.0,0.0
2016-11-11,9517,5.3,1.8,0.0
2016-11-12,6198,2.1,0.0,0.0
2016-11-13,6912,8.7,0.0,0.0
2016-11-14,10818,8.9,0.0,0.0
2016-11-15,10776,7.1,0.4,0.0
2016-11-16,0,6.8,3.2,0.0
2016-11-17,0,6.0,0.0,0.0
2016-11-18,0,3.8,0.0,0.0
2016-11-19,0,6.0,0.0,0.0
2016-11-20,0,2.9,11.6,3.4
2016-11-21,0,-1.5,0.0,4.0
2016-11-22,0,-1.0,0.0,0.2
2016-11-23,0,-2.0,0.0,0.0
2016-11-24,0,-0.5,0.0,2.0
2016-11-25,0,0.8,0.2,0.4
2016-11-26,0,1.0,1.4,0.0
2016-11-27,0,1.0,0.0,0.0
2016-11-28,0,-1.6,0.0,0.0
2016-11-29,0,0.3,9.2,0.0
2016-11-30,0,4.7,6.0,0.0
2016-12-01,0,6.5,19.2,0.0
2016-12-02,0,3.8,1.6,0.0
2016-12-03,0,1.6,0.0,0.0
2016-12-04,0,-1.4,0.0,0.0
2016-12-05,0,-3.9,0.0,6.6
2016-12-06,0,-2.9,0.0,0.0
2016-12-07,0,0.7,0.8,1.2
2016-12-08,0,-0.5,0.0,3.4
2016-12-09,0,-5.7,0.0,0.0
2016-12-10,0,-8.4,0.0,0.0
2016-12-11,0,-8.8,0.0,0.4
2016-12-12,0,-4.5,0.0,15.2
2016-12-13,0,-2.7,0.0,1.4
2016-12-14,0,-4.3,0.0,0.4
2016-12-15,0,-14.1,0.0,1.2
2016-12-16,0,-19.4,0.0,0.4
2016-12-17,0,-11.7,0.0,4.8
2016-12-18,0,-10.5,3.2,1.6
2016-12-19,0,-16.9,0.0,0.0
2016-12-20,0,-8.6,0.0,0.0
2016-12-21,0,1.0,0.0,0.0
2016-12-22,0,0.4,0.0,4.2
2016-12-23,0,0.7,0.0,0.0
2016-12-24,0,1.3,0.2,3.2
2016-12-25,0,-4.2,0.0,0.0
2016-12-26,0,-5.2,21.4,0.0
2016-12-27,0,3.4,0.4,0.0
2016-12-28,0,-4.2,0.0,0.0
2016-12-29,0,-3.0,0.0,13.2
2016-12-30,0,-6.5,0.0,0.0
2016-12-31,0,-12.0,0.0,7.0
2017-01-01,0,-5.6,0.0,2.8
2017-01-02,0,-4.2,0.0,0.0
2017-01-03,0,-2.7,14.2,3.6
2017-01-04,0,-1.6,0.2,9.0
2017-01-05,0,-8.0,0.0,0.0
2017-01-06,0,-12.1,0.0,0.0
2017-01-07,0,-14.3,0.0,0.0
2017-01-08,0,-15.6,0.0,0.0
2017-01-09,0,-14.5,0.0,0.4
2017-01-10,0,-3.5,1.2,1.0
2017-01-11,0,3.5,3.0,0.0
2017-01-12,0,2.1,10.0,0.0
2017-01-13,0,-7.7,0.0,0.4
2017-01-14,0,-12.2,0.0,0.0
2017-01-15,0,-9.4,0.0,0.0
2017-01-16,0,-3.2,0.0,0.0
2017-01-17,0,-2.9,0.0,1.4
2017-01-18,0,-3.3,0.6,6.8
2017-01-19,0,0.4,0.0,0.0
2017-01-20,0,1.2,0.0,0.0
2017-01-21,0,1.2,0.6,0.0
2017-01-22,0,-0.3,0.0,0.0
2017-01-23,0,-2.0,0.0,0.0
2017-01-24,0,-3.1,5.6,7.0
2017-01-25,0,-1.1,0.0,3.2
2017-01-26,0,0.8,0.0,2.2
2017-01-27,0,-1.2,0.0,3.6
2017-01-28,0,-1.4,0.0,0.2
2017-01-29,0,-3.4,0.0,1.0
2017-01-30,0,-10.1,0.0,0.0
2017-01-31,0,-12.4,0.0,0.0
2017-02-01,0,-10.1,0.0,2.2
2017-02-02,0,-8.2,0.0,0.6
2017-02-03,0,-7.6,0.0,0.0
2017-02-04,0,-8.3,0.0,0.0
2017-02-05,0,-4.1,0.0,0.4
2017-02-06,0,-10.6,0.0,1.2
2017-02-07,0,-5.5,12.0,10.4
2017-02-08,0,-3.0,9.4,0.0
2017-02-09,0,-12.6,0.0,0.0
2017-02-10,0,-14.6,0.0,0.0
2017-02-11,0,-12.2,0.0,3.2
2017-02-12,0,-8.3,0.0,23.0
2017-02-13,0,-5.5,0.0,3.0
2017-02-14,0,-7.7,0.0,2.0
2017-02-15,0,-4.6,0.0,8.6
2017-02-16,0,-3.5,0.0,3.4
2017-02-17,0,-6.0,0.0,0.0
2017-02-18,0,1.0,0.0,0.0
2017-02-19,0,4.3,0.0,0.0
2017-02-20,0,-3.3,0.0,0.0
2017-02-21,0,-2.5,0.0,0.0
2017-02-22,0,3.3,0.0,0.0
2017-02-23,0,6.9,0.6,0.0
2017-02-24,0,2.5,1.4,0.0
2017-02-25,0,7.3,26.0,0.0
2017-02-26,0,-1.5,0.0,0.0
2017-02-27,0,1.8,0.0,0.0
2017-02-28,0,1.9,0.2,0.0
2017-03-01,0,4.6,15.6,0.0
2017-03-02,0,-2.4,0.0,0.4
2017-03-03,0,-11.2,0.0,0.0
2017-03-04,0,-15.0,0.0,0.0
2017-03-05,0,-11.9,0.0,0.0
2017-03-06,0,-6.1,7.0,0.0
2017-03-07,0,1.6,7.8,0.0
2017-03-08,0,5.8,4.2,0.4
2017-03-09,0,-2.0,0.0,0.4
2017-03-10,0,-11.9,0.0,2.6
2017-03-11,0,-18.0,0.0,0.0
2017-03-12,0,-13.8,0.0,0.0
2017-03-13,0,-12.1,0.0,0.0
2017-03-14,0,-8.5,0.0,31.6
2017-03-15,0,-6.2,0.0,7.8
2017-03-16,0,-6.7,0.0,0.2
2017-03-17,0,-7.2,0.0,0.0
2017-03-18,0,-7.3,0.0,0.0
2017-03-19,0,-3.1,0.0,0.0
2017-03-20,0,-1.2,0.0,0.0
2017-03-21,0,0.3,0.2,0.2
2017-03-22,0,-8.2,0.0,0.0
2017-03-23,0,-5.6,0.0,0.0
2017-03-24,0,-1.3,0.0,11.4
2017-03-25,0,-2.8,0.0,0.0
2017-03-26,0,-3.3,1.0,0.0
2017-03-27,0,2.5,10.2,0.0
2017-03-28,0,2.8,3.6,0.0
2017-03-29,0,4.0,0.0,0.0
2017-03-30,0,2.7,2.0,8.4
2017-03-31,0,2.7,2.0,8.4
2017-04-01,0,1.3,0.0,3.6
2017-04-02,0,4.7,0.0,0.0
2017-04-03,0,3.2,0.0,0.0
2017-04-04,0,3.9,36.2,0.0
2017-04-05,0,5.7,2.8,0.0
2017-04-06,0,3.6,35.8,0.0
2017-04-07,0,3.5,9.6,0.0
2017-04-08,0,4.3,0.0,0.0
2017-04-09,0,6.9,0.0,0.0
2017-04-10,0,16.9,1.4,0.0
2017-04-11,0,9.4,3.8,0.0
2017-04-12,0,7.2,2.2,0.0
2017-04-13,0,8.0,0.0,0.0
2017-04-14,0,6.8,0.0,0.0
2017-04-15,11318,11.0,3.8,0.0
2017-04-16,3957,11.8,14.8,0.0
2017-04-17,8036,6.1,1.6,0.0
2017-04-18,13261,5.1,0.0,0.0
2017-04-19,6612,7.5,18.2,0.0
2017-04-20,12521,7.6,0.0,0.0
2017-04-21,8109,9.6,8.4,0.0
2017-04-22,9920,6.9,0.2,0.0
2017-04-23,15736,9.4,0.0,0.0
2017-04-24,13397,5.0,0.0,0.0
2017-04-25,10495,8.5,6.6,0.0
2017-04-26,13490,12.5,1.2,0.0
2017-04-27,21352,17.8,0.0,0.0
2017-04-28,21102,15.1,0.6,0.0
2017-04-29,19074,11.9,0.0,0.0
2017-04-30,7947,4.4,9.0,0.0
2017-05-01,3870,7.6,37.2,0.0
2017-05-02,17074,12.0,0.0,0.0
2017-05-03,17260,8.0,0.2,0.0
2017-05-04,20847,9.2,0.2,0.0
2017-05-05,5865,8.4,22.0,0.0
2017-05-06,14121,14.4,9.4,0.0
2017-05-07,9512,6.9,6.6,0.0
2017-05-08,13468,3.5,0.0,0.0
2017-05-09,15662,4.7,0.0,0.0
2017-05-10,18388,7.6,0.0,0.0
2017-05-11,19113,9.6,0.0,0.0
2017-05-12,23590,12.9,0.0,0.0
2017-05-13,17239,14.0,2.0,0.0
2017-05-14,8286,11.0,4.6,0.0
2017-05-15,20633,16.1,0.0,0.0
2017-05-16,26640,15.4,0.0,0.0
2017-05-17,28613,21.7,0.0,0.0
2017-05-18,26561,24.6,0.6,0.0
2017-05-19,24910,13.8,0.0,0.0
2017-05-20,23677,11.9,0.0,0.0
2017-05-21,20375,14.1,2.8,0.0
2017-05-22,7961,12.1,7.2,0.0
2017-05-23,25479,15.5,0.0,0.0
2017-05-24,27272,17.4,0.0,0.0
2017-05-25,17311,16.5,11.0,0.0
2017-05-26,15917,12.8,1.6,0.0
2017-05-27,26959,16.9,0.0,0.0
2017-05-28,38035,18.9,0.0,0.0
2017-05-29,12704,16.2,8.0,0.0
2017-05-30,17994,15.6,9.0,0.0
2017-05-31,24516,18.0,1.6,0.0
2017-06-01,26081,14.3,0.0,0.0
2017-06-02,20545,11.6,5.2,0.0
2017-06-03,19575,13.8,0.0,0.0
2017-06-04,23584,15.8,0.0,0.0
2017-06-05,9135,14.0,42.4,0.0
2017-06-06,16328,12.6,11.0,0.0
2017-06-07,30420,16.1,0.0,0.0
2017-06-08,31771,20.8,0.0,0.0
2017-06-09,30066,18.7,0.0,0.0
2017-06-10,29799,17.2,0.0,0.0
2017-06-11,25167,24.8,0.0,0.0
2017-06-12,26979,25.7,2.2,0.0
2017-06-13,30738,21.5,0.0,0.0
2017-06-14,30752,16.7,0.0,0.0
2017-06-15,31715,17.2,0.2,0.0
2017-06-16,18427,16.9,25.4,0.0
2017-06-17,27908,22.1,0.0,0.0
2017-06-18,24295,26.7,0.8,0.0
2017-06-19,26105,22.7,1.0,0.0
2017-06-20,23399,20.7,16.8,0.0
2017-06-21,27655,19.0,0.8,0.0
2017-06-22,30607,19.8,0.0,0.0
2017-06-23,16023,21.2,13.6,0.0
2017-06-24,25095,21.7,0.0,0.0
2017-06-25,26378,18.8,0.2,0.0
2017-06-26,27014,17.7,2.6,0.0
2017-06-27,24950,17.6,1.8,0.0
2017-06-28,27603,17.8,0.4,0.0
2017-06-29,20312,17.7,4.2,0.0
2017-06-30,19652,19.3,6.6,0.0
2017-07-01,16162,21.4,6.4,0.0
2017-07-02,24381,21.0,0.6,0.0
2017-07-03,30646,20.4,0.0,0.0
2017-07-04,33616,19.8,0.0,0.0
2017-07-05,34440,20.6,0.0,0.0
2017-07-06,32937,22.9,0.0,0.0
2017-07-07,27717,23.4,10.2,0.0
2017-07-08,23930,20.0,20.0,0.0
2017-07-09,25905,20.0,0.6,0.0
2017-07-10,26253,21.2,2.2,0.0
2017-07-11,30381,23.1,0.0,0.0
2017-07-12,28433,17.7,0.6,0.0
2017-07-13,28728,19.1,0.6,0.0
2017-07-14,21433,17.2,9.2,0.0
2017-07-15,26761,22.0,0.2,0.0
2017-07-16,24995,23.1,3.2,0.0
2017-07-17,26256,22.4,1.8,0.0
2017-07-18,32812,22.6,0.0,0.0
2017-07-19,29622,23.7,8.0,0.0
2017-07-20,30627,23.4,8.8,0.0
2017-07-21,28943,23.0,0.0,0.0
2017-07-22,30340,21.1,0.0,0.0
2017-07-23,27559,20.1,0.0,0.0
2017-07-24,10606,17.0,17.8,0.0
2017-07-25,28190,18.5,1.6,0.0
2017-07-26,30640,19.1,0.0,0.0
2017-07-27,29073,21.3,0.6,0.0
2017-07-28,32579,18.7,0.0,0.0
2017-07-29,37299,18.2,0.0,0.0
2017-07-30,40441,19.8,0.0,0.0
2017-07-31,25633,23.2,33.0,0.0
2017-08-01,31553,21.0,0.0,0.0
2017-08-02,30871,23.7,0.0,0.0
2017-08-03,31977,23.2,0.0,0.0
2017-08-04,22346,24.2,34.0,0.0
2017-08-05,20672,17.3,0.0,0.0
2017-08-06,23943,17.3,0.0,0.0
2017-08-07,27200,18.2,0.6,0.0
2017-08-08,31609,18.8,0.0,0.0
2017-08-09,31726,20.6,0.0,0.0
2017-08-10,31326,20.1,0.0,0.0
2017-08-11,31105,23.0,0.0,0.0
2017-08-12,22787,22.0,7.0,0.0
2017-08-13,26508,22.1,1.0,0.0
2017-08-14,29666,21.4,0.0,0.0
2017-08-15,24066,21.5,7.2,0.0
2017-08-16,31465,18.9,0.0,0.0
2017-08-17,31319,20.0,0.0,0.0
2017-08-18,19742,19.4,16.6,0.0
2017-08-19,26862,22.2,0.0,0.0
2017-08-20,25630,21.9,0.0,0.0
2017-08-21,28650,23.3,0.0,0.0
2017-08-22,20682,23.6,10.0,0.0
2017-08-23,28334,18.3,0.0,0.0
2017-08-24,29345,16.9,0.0,0.0
2017-08-25,29475,16.3,0.0,0.0
2017-08-26,23909,15.4,0.0,0.0
2017-08-27,30050,16.5,0.0,0.0
2017-08-28,28842,16.8,0.0,0.0
2017-08-29,30155,19.8,0.0,0.0
2017-08-30,30870,17.7,0.0,0.0
2017-08-31,26786,14.3,0.6,0.0
2017-09-01,24924,12.3,0.0,0.0
2017-09-02,24148,13.2,0.0,0.0
2017-09-03,4658,12.9,25.0,0.0
2017-09-04,14802,18.3,2.4,0.0
2017-09-05,25069,18.0,0.8,0.0
2017-09-06,25158,16.3,1.0,0.0
2017-09-07,19419,15.6,17.6,0.0
2017-09-08,25624,15.0,0.8,0.0
2017-09-09,21432,14.8,0.6,0.0
2017-09-10,21291,13.2,0.0,0.0
2017-09-11,27002,16.0,0.0,0.0
2017-09-12,28501,18.1,0.0,0.0
2017-09-13,29392,19.5,0.0,0.0
2017-09-14,29919,21.1,0.0,0.0
2017-09-15,30296,21.1,0.0,0.0
2017-09-16,26212,21.9,0.0,0.0
2017-09-17,23415,22.5,0.0,0.0
2017-09-18,27261,21.4,0.0,0.0
2017-09-19,28944,22.9,0.0,0.0
2017-09-20,28863,21.6,0.0,0.0
2017-09-21,29642,19.9,0.0,0.0
2017-09-22,29902,20.0,0.0,0.0
2017-09-23,25927,21.9,0.0,0.0
2017-09-24,26473,25.0,0.0,0.0
2017-09-25,26280,26.1,0.0,0.0
2017-09-26,27889,25.0,0.0,0.0
2017-09-27,24183,24.4,5.6,0.0
2017-09-28,26604,13.5,0.0,0.0
2017-09-29,25062,10.2,0.0,0.0
2017-09-30,19341,10.9,0.0,0.0
2017-10-01,17315,11.4,0.0,0.0
2017-10-02,24992,13.2,0.0,0.0
2017-10-03,26054,14.3,0.0,0.0
2017-10-04,21110,19.4,6.8,0.0
2017-10-05,24946,15.8,0.0,0.0
2017-10-06,25038,14.5,0.0,0.0
2017-10-07,13338,16.0,4.8,0.0
2017-10-08,15058,20.7,6.4,0.0
2017-10-09,5084,16.1,29.6,0.0
2017-10-10,23948,16.9,0.0,0.0
2017-10-11,21570,8.9,0.0,0.0
2017-10-12,22634,9.5,0.0,0.0
2017-10-13,22844,12.0,0.0,0.0
2017-10-14,16707,16.3,0.4,0.0
2017-10-15,10442,15.8,11.0,0.0
2017-10-16,17435,4.8,0.0,0.0
2017-10-17,19043,7.1,0.0,0.0
2017-10-18,22138,13.4,0.0,0.0
2017-10-19,22118,15.7,0.0,0.0
2017-10-20,22619,12.1,0.0,0.0
2017-10-21,19060,14.8,0.0,0.0
2017-10-22,16925,13.9,0.0,0.0
2017-10-23,21563,14.0,0.0,0.0
2017-10-24,11883,17.5,32.0,0.0
2017-10-25,21803,10.4,4.0,0.0
2017-10-26,13585,10.4,4.0,0.0
2017-10-27,19186,8.0,0.0,0.0
2017-10-28,17049,11.2,0.0,0.0
2017-10-29,6221,10.6,26.6,0.0
2017-10-30,12653,12.9,0.6,0.0
2017-10-31,15569,6.8,0.4,0.0
2017-11-01,14797,5.4,2.4,0.0
2017-11-02,7154,11.3,20.0,0.0
2017-11-03,14144,9.5,9.8,0.0
2017-11-04,10706,3.4,0.4,0.0
2017-11-05,5029,7.8,11.4,0.0
2017-11-06,12063,8.2,5.0,0.0
2017-11-07,12985,1.2,0.0,0.0
2017-11-08,12995,4.5,0.0,0.0
2017-11-09,12518,4.5,2.6,0.0
2017-11-10,7273,-3.8,0.0,0.2
2017-11-11,5706,-5.5,0.0,0.0
2017-11-12,5763,-1.6,0.0,0.0
2017-11-13,9288,-2.5,0.0,0.0
2017-11-14,10496,1.2,0.0,0.0
2017-11-15,10811,1.3,0.0,0.0
2017-11-16,0,4.8,5.0,0.2
2017-11-17,0,-2.5,0.0,0.0
2017-11-18,0,-2.6,1.2,0.0
2017-11-19,0,-0.9,8.6,3.8
2017-11-20,0,-5.7,0.0,0.0
2017-11-21,0,1.9,0.0,0.0
2017-11-22,0,0.9,2.2,0.0
2017-11-23,0,-3.2,0.0,0.0
2017-11-24,0,4.2,0.0,0.0
2017-11-25,0,4.4,6.4,0.0
2017-11-26,0,-0.7,0.4,1.6
2017-11-27,0,-6.2,0.0,0.0
2017-11-28,0,-2.9,0.0,0.0
2017-11-29,0,0.3,1.2,0.0
2017-11-30,0,-1.4,3.2,0.2
2017-12-01,0,1.8,0.0,0.0
2017-12-02,0,1.2,0.0,0.0
2017-12-03,0,0.3,0.0,0.0
2017-12-04,0,1.5,0.0,0.0
2017-12-05,0,7.8,9.8,0.0
2017-12-06,0,2.7,0.0,0.0
2017-12-07,0,-0.2,0.0,0.2
2017-12-08,0,-1.0,0.0,0.0
2017-12-09,0,-2.0,0.0,0.0
2017-12-10,0,-3.3,0.0,1.8
2017-12-11,0,-8.3,0.0,0.8
2017-12-12,0,-8.8,0.2,18.6
2017-12-13,0,-11.8,0.0,2.4
2017-12-14,0,-16.8,0.0,0.0
2017-12-15,0,-14.8,0.0,0.4
2017-12-16,0,-11.5,0.0,1.8
2017-12-17,0,-16.7,0.0,0.2
2017-12-18,0,-12.1,0.0,4.8
2017-12-19,0,-3.5,2.7,4.4
2017-12-20,0,-5.6,0.0,0.0
2017-12-21,0,-13.4,0.0,0.0
2017-12-22,0,-13.4,0.0,1.4
2017-12-23,0,-8.6,0.0,9.4
2017-12-24,0,-7.6,0.0,0.0
2017-12-25,0,-8.3,0.0,13.4
2017-12-26,0,-13.0,0.0,0.0
2017-12-27,0,-21.4,0.0,0.0
2017-12-28,0,-23.6,0.0,0.0
2017-12-29,0,-21.6,0.0,1.6
2017-12-30,0,-21.2,0.0,0.2
2017-12-31,0,-21.4,0.0,0.0
2018-01-01,0,-22.3,0.0,0.0
2018-01-02,0,-20.1,0.0,4.6
2018-01-03,0,-13.8,0.0,0.6
2018-01-04,0,-10.4,0.0,2.2
2018-01-05,0,-18.2,0.2,5.8
2018-01-06,0,-22.5,0.0,0.6
2018-01-07,0,-18.1,0.0,4.6
2018-01-08,0,-7.7,0.0,12.2
2018-01-09,0,-6.3,0.0,0.2
2018-01-10,0,-8.5,2.2,0.0
2018-01-11,0,2.3,5.8,0.0
2018-01-12,0,1.1,17.0,5.6
2018-01-13,0,-14.7,0.0,30.4
2018-01-14,0,-22.8,0.0,0.0
2018-01-15,0,-20.1,0.0,0.0
2018-01-16,0,-12.6,0.0,2.6
2018-01-17,0,-9.3,0.0,0.0
2018-01-18,0,-4.6,0.0,0.4
2018-01-19,0,-2.2,0.0,0.0
2018-01-20,0,1.5,0.0,0.0
2018-01-21,0,-3.1,0.0,0.2
2018-01-22,0,-5.8,7.2,10.2
2018-01-23,0,-0.9,9.0,0.4
2018-01-24,0,-6.0,0.0,0.0
2018-01-25,0,-13.6,0.0,0.0
2018-01-26,0,-12.9,0.0,0.0
2018-01-27,0,-3.7,2.2,0.0
2018-01-28,0,-0.6,0.0,0.0
2018-01-29,0,-9.1,0.0,0.0
2018-01-30,0,-11.2,0.0,0.0
2018-01-31,0,-12.4,0.0,5.8
2018-02-01,0,-3.4,0.0,0.2
2018-02-02,0,-14.2,0.0,0.0
2018-02-03,0,-14.0,0.0,1.0
2018-02-04,0,-3.4,0.0,12.0
2018-02-05,0,-7.0,0.0,1.4
2018-02-06,0,-9.3,0.0,1.2
2018-02-07,0,-13.2,0.0,14.8
2018-02-08,0,-13.9,0.0,0.2
2018-02-09,0,-10.8,0.0,0.6
2018-02-10,0,-7.1,0.0,8.4
2018-02-11,0,-3.4,2.8,0.0
2018-02-12,0,-8.5,0.0,0.0
2018-02-13,0,-12.8,0.0,0.0
2018-02-14,0,-4.5,0.0,0.0
2018-02-15,0,-0.6,1.0,0.0
2018-02-16,0,-4.2,0.4,9.0
2018-02-17,0,-9.4,0.0,0.0
2018-02-18,0,-2.5,0.0,0.0
2018-02-19,0,1.5,1.6,0.0
2018-02-20,0,1.4,15.2,0.0
2018-02-21,0,2.6,2.0,0.0
2018-02-22,0,-5.6,0.0,0.0
2018-02-23,0,-3.2,4.0,0.2
2018-02-24,0,-0.8,0.0,0.0
2018-02-25,0,0.5,2.2,4.2
2018-02-26,0,1.2,0.0,0.0
2018-02-27,0,1.8,0.0,0.0
2018-02-28,0,4.0,0.2,0.0
2018-03-01,0,0.6,0.0,0.0
2018-03-02,0,-0.4,1.0,0.4
2018-03-03,0,2.0,0.0,0.0
2018-03-04,0,0.9,0.0,2.6
2018-03-05,0,0.4,0.0,0.2
2018-03-06,0,-0.8,0.0,0.0
2018-03-07,0,-0.7,0.8,0.2
2018-03-08,0,-1.7,0.0,5.4
2018-03-09,0,-1.2,0.0,0.8
2018-03-10,0,-1.8,0.0,3.0
2018-03-11,0,0.1,0.0,0.4
2018-03-12,0,0.9,0.0,0.2
2018-03-13,0,0.3,0.0,10.4
2018-03-14,0,0.3,0.0,11.2
2018-03-15,0,0.1,0.0,2.2
2018-03-16,0,-6.6,0.0,0.0
2018-03-17,0,-10.2,0.0,0.0
2018-03-18,0,-11.0,0.0,0.0
2018-03-19,0,-8.7,0.0,0.0
2018-03-20,0,-7.8,0.0,0.0
2018-03-21,0,-4.4,0.0,0.0
2018-03-22,0,1.2,0.0,0.0
2018-03-23,0,0.1,0.0,0.0
2018-03-24,0,-2.0,0.0,0.4
2018-03-25,0,0.5,0.0,0.0
2018-03-26,0,1.2,0.0,0.0
2018-03-27,0,1.5,0.8,0.0
2018-03-28,0,4.2,1.4,0.0
2018-03-29,0,6.2,10.4,0.0
2018-03-30,0,4.0,3.0,0.0
2018-03-31,0,2.7,0.4,0.0
2018-04-01,0,2.6,1.0,0.0
2018-04-02,0,1.2,0.0,0.0
2018-04-03,0,3.7,0.6,1.6
2018-04-04,0,-0.1,20.0,4.4
2018-04-05,0,-6.4,0.0,0.0
2018-04-06,0,0.2,0.0,0.8
2018-04-07,0,-0.6,0.0,0.0
2018-04-08,0,-1.6,0.0,0.0
2018-04-09,0,-3.0,0.0,0.0
2018-04-10,3062,0.4,0.0,0.0
2018-04-11,9599,2.7,0.2,0.0
2018-04-12,9611,5.2,6.6,0.0
2018-04-13,12738,6.2,0.0,0.0
2018-04-14,6854,0.8,0.0,0.0
2018-04-15,3607,-2.7,2.2,0.2
2018-04-16,2684,1.4,15.4,0.0
2018-04-17,6246,1.7,1.4,0.4
2018-04-18,9496,3.5,0.2,0.6
2018-04-19,11002,2.3,0.4,0.0
2018-04-20,13044,4.7,0.0,0.0
2018-04-21,16245,6.2,0.0,0.0
2018-04-22,17712,7.0,0.0,0.0
2018-04-23,21269,8.8,0.0,0.0
2018-04-24,23549,13.1,0.0,0.0
2018-04-25,8210,12.5,18.2,0.0
2018-04-26,7345,9.3,6.6,0.0
2018-04-27,20487,9.3,0.0,0.0
2018-04-28,17400,10.7,1.0,0.0
2018-04-29,4849,6.6,14.0,0.0
2018-04-30,11973,8.1,11.4,0.0
2018-05-01,23271,12.2,0.0,0.0
2018-05-02,24571,18.2,0.2,0.0
2018-05-03,13246,14.9,13.2,0.0
2018-05-04,16311,13.3,5.2,0.0
2018-05-05,24905,13.2,0.0,0.0
2018-05-06,23963,14.0,0.0,0.0
2018-05-07,25666,9.7,0.0,0.0
2018-05-08,30632,13.8,0.0,0.0
2018-05-09,31734,18.0,0.0,0.0
2018-05-10,23042,14.4,0.4,0.0
2018-05-11,25164,7.5,0.0,0.0
2018-05-12,26166,10.7,0.0,0.0
2018-05-13,24239,13.4,0.0,0.0
2018-05-14,29106,18.2,0.0,0.0
2018-05-15,22826,13.7,1.2,0.0
2018-05-16,30659,13.1,0.0,0.0
2018-05-17,28835,13.4,0.0,0.0
2018-05-18,29153,10.1,0.0,0.0
2018-05-19,14497,12.9,5.8,0.0
2018-05-20,21498,15.4,9.2,0.0
2018-05-21,26050,16.5,0.0,0.0
2018-05-22,21621,16.7,2.6,0.0
2018-05-23,30420,17.6,0.0,0.0
2018-05-24,31970,17.7,0.0,0.0
2018-05-25,31315,21.7,0.6,0.0
2018-05-26,24160,18.3,7.8,0.0
2018-05-27,25579,15.8,0.4,0.0
2018-05-28,27546,17.3,2.0,0.0
2018-05-29,34682,19.4,0.0,0.0
2018-05-30,35143,20.1,0.0,0.0
2018-05-31,33940,24.8,0.4,0.0
2018-06-01,34806,24.1,0.0,0.0
2018-06-02,35521,19.7,0.0,0.0
2018-06-03,32008,18.1,5.0,0.0
2018-06-04,9015,12.2,23.0,0.0
2018-06-05,27235,13.1,0.6,0.0
2018-06-06,30493,14.2,0.0,0.0
2018-06-07,32780,17.2,0.0,0.0
2018-06-08,36654,17.9,0.0,0.0
2018-06-09,35448,17.6,0.0,0.0
2018-06-10,29823,14.4,0.0,0.0
2018-06-11,33256,15.7,0.0,0.0
2018-06-12,35067,19.3,0.0,0.0
2018-06-13,24874,21.1,4.6,0.0
2018-06-14,19825,14.6,10.4,0.0
2018-06-15,35136,18.2,0.2,0.0
2018-06-16,32576,21.2,0.0,0.0
2018-06-17,27710,22.8,0.8,0.0
2018-06-18,21992,23.7,19.0,0.0
2018-06-19,34840,19.3,0.0,0.0
2018-06-20,30769,19.7,0.8,0.0
2018-06-21,34738,16.6,0.0,0.0
2018-06-22,34118,18.2,0.0,0.0
2018-06-23,20728,18.6,4.0,0.0
2018-06-24,17086,18.5,5.4,0.0
2018-06-25,25720,17.6,0.0,0.0
2018-06-26,32769,16.9,0.0,0.0
2018-06-27,31589,21.2,2.2,0.0
2018-06-28,31446,19.9,0.2,0.0
2018-06-29,34324,24.9,0.0,0.0
2018-06-30,26124,27.1,5.8,0.0
2018-07-01,21986,28.4,0.0,0.0
2018-07-02,20822,29.1,0.0,0.0
2018-07-03,31415,27.3,0.0,0.0
2018-07-04,32737,27.2,0.0,0.0
2018-07-05,31778,28.6,0.0,0.0
2018-07-06,35689,21.9,0.0,0.0
2018-07-07,32260,20.6,0.0,0.0
2018-07-08,27383,23.4,0.0,0.0
2018-07-09,31617,25.1,0.0,0.0
2018-07-10,34007,24.3,0.0,0.0
2018-07-11,35455,19.9,0.0,0.0
2018-07-12,35309,23.0,0.0,0.0
2018-07-13,35180,23.1,0.0,0.0
2018-07-14,30299,24.8,0.4,0.0
2018-07-15,28513,26.1,0.0,0.0
2018-07-16,32099,26.4,0.0,0.0
2018-07-17,31505,23.7,31.8,0.0
2018-07-18,36610,19.4,0.0,0.0
2018-07-19,35779,20.0,0.0,0.0
2018-07-20,34647,23.9,0.0,0.0
2018-07-21,31102,25.7,0.0,0.0
2018-07-22,17589,22.3,5.0,0.0
2018-07-23,29802,25.2,0.0,0.0
2018-07-24,28046,26.4,1.0,0.0
2018-07-25,15315,23.7,30.6,0.0
2018-07-26,31056,23.9,26.8,0.0
2018-07-27,33920,24.5,0.2,0.0
2018-07-28,29805,22.7,1.8,0.0
2018-07-29,34498,22.0,0.0,0.0
2018-07-30,32250,22.8,0.0,0.0
2018-07-31,34558,24.3,0.0,0.0
2018-08-01,32524,25.3,3.6,0.0
2018-08-02,34942,25.2,0.0,0.0
2018-08-03,34028,24.5,0.0,0.0
2018-08-04,25995,23.5,2.6,0.0
2018-08-05,28738,25.5,0.0,0.0
2018-08-06,28679,26.5,9.4,0.0
2018-08-07,27770,24.8,1.0,0.0
2018-08-08,28360,23.9,6.0,0.0
2018-08-09,33055,23.5,3.6,0.0
2018-08-10,34981,21.2,0.0,0.0
2018-08-11,30350,21.7,0.0,0.0
2018-08-12,27110,23.3,0.0,0.0
2018-08-13,31479,25.0,0.0,0.0
2018-08-14,32869,25.8,7.4,0.0
2018-08-15,32802,24.4,0.0,0.0
2018-08-16,35489,20.7,0.0,0.0
2018-08-17,22735,20.2,3.6,0.0
2018-08-18,31322,21.5,0.0,0.0
2018-08-19,28613,22.0,0.0,0.0
2018-08-20,32399,21.1,0.0,0.0
2018-08-21,32108,22.4,0.4,0.0
2018-08-22,26178,19.4,0.6,0.0
2018-08-23,34990,18.6,0.0,0.0
2018-08-24,35174,23.3,0.0,0.0
2018-08-25,30113,23.4,0.0,0.0
2018-08-26,21844,22.9,15.4,0.0
2018-08-27,31735,22.3,3.6,0.0
2018-08-28,30589,26.2,6.8,0.0
2018-08-29,31481,26.4,1.8,0.0
2018-08-30,34112,17.5,0.0,0.0
2018-08-31,34226,17.5,0.4,0.0
2018-09-01,27294,23.7,0.0,0.0
2018-09-02,16073,22.5,10.4,0.0
2018-09-03,17577,25.8,4.4,0.0
2018-09-04,34212,22.2,0.0,0.0
2018-09-05,33267,25.6,1.4,0.0
2018-09-06,34541,20.8,0.0,0.0
2018-09-07,35361,16.9,0.0,0.0
2018-09-08,26997,13.6,0.0,0.0
2018-09-09,22936,11.6,0.0,0.0
2018-09-10,24696,13.0,17.6,0.0
2018-09-11,23431,16.5,7.8,0.0
2018-09-12,33006,19.9,0.0,0.0
2018-09-13,34731,19.8,0.0,0.0
2018-09-14,34936,21.9,0.0,0.0
2018-09-15,28635,23.0,0.0,0.0
2018-09-16,26217,23.3,0.0,0.0
2018-09-17,32157,24.2,0.0,0.0
2018-09-18,30506,19.2,0.0,0.0
2018-09-19,29185,13.6,0.0,0.0
2018-09-20,29662,13.1,0.0,0.0
2018-09-21,17370,18.9,33.6,0.0
2018-09-22,23764,13.4,0.0,0.0
2018-09-23,19609,12.6,0.0,0.0
2018-09-24,25133,9.6,0.0,0.0
2018-09-25,16906,13.5,5.6,0.0
2018-09-26,20547,17.7,3.8,0.0
2018-09-27,29374,12.8,0.0,0.0
2018-09-28,29597,16.5,1.2,0.0
2018-09-29,20489,12.8,1.8,0.0
2018-09-30,19311,10.0,1.2,0.0
2018-10-01,24536,10.7,0.2,0.0
2018-10-02,12039,9.2,8.8,0.0
2018-10-03,23110,10.6,0.0,0.0
2018-10-04,22692,15.6,0.2,0.0
2018-10-05,22491,7.1,0.0,0.0
2018-10-06,13476,8.9,0.0,0.0
2018-10-07,12489,8.1,0.0,0.0
2018-10-08,8491,8.5,18.8,0.0
2018-10-09,25536,17.6,0.2,0.0
2018-10-10,19334,15.2,5.4,0.0
2018-10-11,13942,9.3,7.8,0.0
2018-10-12,21349,8.8,0.0,0.0
2018-10-13,14078,6.6,0.0,0.0
2018-10-14,14576,8.2,0.0,0.0
2018-10-15,13605,9.2,5.4,0.0
2018-10-16,18723,6.3,0.0,0.0
2018-10-17,17874,5.7,0.2,0.0
2018-10-18,16647,2.2,0.0,0.0
2018-10-19,20940,10.3,0.0,0.0
2018-10-20,13571,8.1,0.8,0.0
2018-10-21,9901,2.3,0.0,0.0
2018-10-22,16329,2.1,0.2,0.0
2018-10-23,17345,4.7,0.6,0.0
2018-10-24,14568,4.6,1.0,0.0
2018-10-25,15829,1.4,0.0,0.0
2018-10-26,16446,0.3,0.0,0.0
2018-10-27,8226,1.0,5.4,3.0
2018-10-28,5483,2.7,6.0,0.0
2018-10-29,10467,4.3,1.6,0.0
2018-10-30,15045,1.6,0.0,0.0
2018-10-31,9352,1.9,8.8,0.0
2018-11-01,14871,5.7,8.6,0.0
2018-11-02,10375,4.2,6.4,0.0
2018-11-03,4882,3.7,10.6,0.0
2018-11-04,9749,4.0,0.0,0.0
2018-11-05,10201,3.5,8.6,0.0
2018-11-06,10506,9.1,5.0,0.0
2018-11-07,14202,9.4,0.6,0.0
2018-11-08,14315,5.3,0.0,0.0
2018-11-09,9825,0.2,8.8,6.2
2018-11-10,6557,1.7,2.6,0.0
2018-11-11,5998,-2.1,0.0,0.0
2018-11-12,10794,0.2,0.0,0.2
2018-11-13,7291,-2.7,6.6,0.4
2018-11-14,7184,-8.8,0.0,0.0
2018-11-15,7598,-7.7,0.0,0.0
2018-11-16,0,-3.3,0.0,11.2
2018-11-17,0,-2.0,0.0,0.2
2018-11-18,0,-7.7,0.0,0.0
2018-11-19,0,-1.3,0.0,1.6
2018-11-20,0,-5.4,0.0,4.8
2018-11-21,0,-9.4,0.0,2.4
2018-11-22,0,-13.6,0.0,0.0
2018-11-23,0,-10.1,0.0,0.0
2018-11-24,0,-3.8,1.8,0.0
2018-11-25,0,1.5,19.0,0.0
2018-11-26,0,2.4,4.0,0.0
2018-11-27,0,0.5,0.0,9.2
2018-11-28,0,1.4,0.4,4.8
2018-11-29,0,1.7,0.0,0.0
2018-11-30,0,0.2,0.0,0.0
2018-12-01,0,-0.1,0.0,0.0
2018-12-02,0,1.7,13.6,2.0
2018-12-03,0,0.6,6.2,1.6
2018-12-04,0,-5.1,0.0,0.0
2018-12-05,0,-6.4,0.0,0.6
2018-12-06,0,-1.8,0.0,1.0
2018-12-07,0,-8.4,0.0,0.0
2018-12-08,0,-13.2,0.0,0.4
2018-12-09,0,-7.0,0.0,0.0
2018-12-10,0,-8.2,0.0,0.0
2018-12-11,0,-8.3,0.0,2.6
2018-12-12,0,-13.0,0.0,0.4
2018-12-13,0,-12.2,0.0,0.0
2018-12-14,0,-2.6,7.6,0.0
2018-12-15,0,1.3,0.0,0.0
2018-12-16,0,-0.9,0.0,0.0
2018-12-17,0,-3.0,0.0,0.6
2018-12-18,0,-6.8,0.0,0.0
2018-12-19,0,-6.6,0.0,0.0
2018-12-20,0,-2.2,5.2,0.0
2018-12-21,0,3.4,34.8,0.0
2018-12-22,0,-0.5,1.6,0.8
2018-12-23,0,-8.6,0.0,0.0
2018-12-24,0,-8.9,0.0,0.0
2018-12-25,0,-11.3,0.0,0.0
2018-12-26,0,-8.7,0.0,0.2
2018-12-27,0,-11.6,0.0,0.0
2018-12-28,0,-2.9,12.4,4.0
2018-12-29,0,-3.2,0.6,0.0
2018-12-30,0,-10.0,0.0,0.0
2018-12-31,0,-3.3,2.4,0.6
2019-01-01,0,-5.0,16.8,0.2
2019-01-02,0,-12.5,0.0,0.4
2019-01-03,0,-7.8,0.0,4.6
2019-01-04,0,0.4,0.0,3.0
2019-01-05,0,1.2,0.0,0.0
2019-01-06,0,-5.9,0.0,0.4
2019-01-07,0,-12.5,0.0,4.6
2019-01-08,0,-3.9,0.0,5.8
2019-01-09,0,-0.9,0.0,0.2
2019-01-10,0,-7.9,0.0,1.2
2019-01-11,0,-15.9,0.0,0.0
2019-01-12,0,-16.4,0.0,0.0
2019-01-13,0,-15.4,0.0,0.0
2019-01-14,0,-13.4,0.0,0.0
2019-01-15,0,-4.7,0.0,0.6
2019-01-16,0,-8.2,0.0,0.6
2019-01-17,0,-17.2,0.0,0.0
2019-01-18,0,-12.6,0.0,2.6
2019-01-19,0,-19.1,0.0,2.8
2019-01-20,0,-18.6,0.0,15.8
2019-01-21,0,-19.0,0.0,1.8
2019-01-22,0,-16.5,0.0,0.0
2019-01-23,0,-6.2,7.0,15.4
2019-01-24,0,-2.0,17.6,0.0
2019-01-25,0,-6.6,0.0,0.2
2019-01-26,0,-12.5,0.0,0.6
2019-01-27,0,-7.0,0.0,0.0
2019-01-28,0,-16.4,0.0,0.0
2019-01-29,0,-13.6,0.0,9.6
2019-01-30,0,-12.4,0.0,0.0
2019-01-31,0,-15.9,0.0,0.0
2019-02-01,0,-14.9,0.0,0.0
2019-02-02,0,-11.6,0.0,4.0
2019-02-03,0,-12.7,0.6,2.2
2019-02-04,0,-6.8,0.8,0.8
2019-02-05,0,-1.7,5.2,0.0
2019-02-06,0,-8.4,2.8,3.4
2019-02-07,0,-2.3,0.4,0.0
2019-02-08,0,-1.3,0.4,0.6
2019-02-09,0,-9.4,0.0,0.0
2019-02-10,0,-10.1,0.0,0.0
2019-02-11,0,-11.9,0.0,0.0
2019-02-12,0,-11.5,0.0,19.4
2019-02-13,0,-3.6,0.0,20.6
2019-02-14,0,-7.7,0.0,0.0
2019-02-15,0,-1.3,1.8,0.8
2019-02-16,0,-6.9,0.0,0.0
2019-02-17,0,-13.5,0.0,0.0
2019-02-18,0,-11.4,0.0,0.0
2019-02-19,0,-14.4,0.0,0.0
2019-02-20,0,-12.0,0.0,2.2
2019-02-21,0,-2.4,0.0,10.8
2019-02-22,0,-5.7,0.0,0.0
2019-02-23,0,-6.7,0.0,0.0
2019-02-24,0,0.5,12.4,0.8
2019-02-25,0,-5.3,0.0,0.0
2019-02-26,0,-15.1,0.0,0.0
2019-02-27,0,-17.1,0.0,0.0
2019-02-28,0,-14.1,0.0,0.0
2019-03-01,0,-10.2,0.0,0.0
2019-03-02,0,-7.0,0.0,0.0
2019-03-03,0,-4.6,0.0,0.6
2019-03-04,0,-6.5,0.0,0.0
2019-03-05,0,-11.5,0.0,0.4
2019-03-06,0,-12.0,0.0,0.0
2019-03-07,0,-13.5,0.0,0.0
2019-03-08,0,-7.3,0.0,0.0
2019-03-09,0,-6.3,0.0,0.0
2019-03-10,0,-2.7,3.0,16.0
2019-03-11,0,0.5,0.0,0.0
2019-03-12,0,-3.6,0.0,0.0
2019-03-13,0,-2.4,0.0,1.0
2019-03-14,0,2.6,1.6,0.0
2019-03-15,0,6.5,1.6,0.0
2019-03-16,0,-0.8,0.0,0.0
2019-03-17,0,-4.9,0.0,0.0
2019-03-18,0,-4.9,0.0,0.0
2019-03-19,0,-5.2,0.0,0.0
2019-03-20,0,0.5,0.0,0.0
2019-03-21,0,4.4,8.8,0.0
2019-03-22,0,2.2,17.0,0.0
2019-03-23,0,-1.9,0.0,1.6
2019-03-24,0,-0.1,0.0,0.0
2019-03-25,0,-3.6,0.0,0.0
2019-03-26,0,-3.6,0.0,0.0
2019-03-27,0,0.2,0.0,0.0
2019-03-28,0,4.5,1.0,0.0
2019-03-29,0,2.2,1.6,0.0
2019-03-30,0,-0.4,7.2,0.2
2019-03-31,0,0.3,5.2,0.6
2019-04-01,0,-2.3,0.0,0.0
2019-04-02,0,3.9,0.0,0.0
2019-04-03,0,4.4,0.0,0.2
2019-04-04,0,-1.1,0.0,0.0
2019-04-05,0,-1.5,0.6,3.0
2019-04-06,0,4.5,1.4,0.0
2019-04-07,0,6.3,0.6,0.0
2019-04-08,0,-0.8,14.2,0.4
2019-04-09,0,-1.6,0.6,10.4
2019-04-10,0,0.4,0.0,0.0
2019-04-11,0,1.2,0.0,0.0
2019-04-12,0,8.0,0.4,0.0
2019-04-13,0,10.5,0.0,0.0
2019-04-14,9143,4.8,6.0,0.0
2019-04-15,7310,4.0,2.2,0.0
2019-04-16,13672,5.6,0.0,0.0
2019-04-17,19726,5.9,0.0,0.0
2019-04-18,13505,11.0,1.4,0.0
2019-04-19,4673,8.8,31.0,0.0
2019-04-20,6604,5.7,12.4,0.0
2019-04-21,16306,9.8,0.0,0.0
2019-04-22,21354,12.1,0.0,0.0
2019-04-23,20897,11.7,3.2,0.0
2019-04-24,10624,6.8,7.2,0.0
2019-04-25,20155,7.7,0.0,0.0
2019-04-26,8179,7.9,22.6,0.0
2019-04-27,7518,5.4,9.8,0.0
2019-04-28,14192,6.1,0.0,0.0
2019-04-29,20319,4.4,0.0,0.0
2019-04-30,23365,9.7,0.0,0.0
2019-05-01,16549,5.2,6.8,0.0
2019-05-02,19354,6.0,0.6,0.0
2019-05-03,14502,9.0,3.6,0.0
2019-05-04,25509,12.3,0.0,0.0
2019-05-05,29123,12.4,0.0,0.0
2019-05-06,31189,16.8,0.0,0.0
2019-05-07,28516,11.6,0.6,0.0
2019-05-08,28927,8.3,0.0,0.0
2019-05-09,24751,9.9,14.2,0.0
2019-05-10,13305,13.1,26.0,0.0
2019-05-11,22437,9.5,0.0,0.0
2019-05-12,23012,11.5,0.0,0.0
2019-05-13,23715,11.3,3.4,0.0
2019-05-14,14793,7.1,2.6,0.0
2019-05-15,28480,10.6,0.2,0.0
2019-05-16,31006,12.0,0.0,0.0
2019-05-17,23506,11.9,0.8,0.0
2019-05-18,23420,11.5,0.0,0.0
2019-05-19,19138,14.5,12.2,0.0
2019-05-20,21324,16.4,0.0,0.0
2019-05-21,26582,12.1,0.6,0.0
2019-05-22,33269,12.6,0.2,0.0
2019-05-23,20424,16.6,17.2,0.0
2019-05-24,29653,13.8,2.0,0.0
2019-05-25,23965,15.4,1.0,0.0
2019-05-26,42878,18.3,1.0,0.0
2019-05-27,30223,12.8,0.0,0.0
2019-05-28,23709,10.1,2.0,0.0
2019-05-29,31319,11.8,0.0,0.0
2019-05-30,32292,16.6,2.2,0.0
2019-05-31,33453,11.7,0.0,0.0
2019-06-01,30223,14.2,0.0,0.0
2019-06-02,15968,14.8,8.0,0.0
2019-06-03,26354,9.8,0.0,0.0
2019-06-04,28998,11.9,0.2,0.0
2019-06-05,30092,13.6,0.8,0.0
2019-06-06,38449,17.2,0.0,0.0
2019-06-07,39123,17.3,0.0,0.0
2019-06-08,37405,16.3,0.0,0.0
2019-06-09,33545,21.3,0.0,0.0
2019-06-10,34737,23.4,4.8,0.0
2019-06-11,27856,14.8,20.6,0.0
2019-06-12,37621,17.0,0.0,0.0
2019-06-13,30093,16.5,1.8,0.0
2019-06-14,24320,15.3,6.0,0.0
2019-06-15,16271,17.1,6.4,0.0
2019-06-16,29166,16.2,0.0,0.0
2019-06-17,35625,17.0,0.0,0.0
2019-06-18,38042,17.0,0.0,0.0
2019-06-19,38628,17.0,0.0,0.0
2019-06-20,21172,17.0,5.6,0.0
2019-06-21,36378,20.2,0.0,0.0
2019-06-22,31260,21.4,0.0,0.0
2019-06-23,29481,21.8,0.0,0.0
2019-06-24,29001,19.0,0.0,0.0
2019-06-25,23613,21.1,17.2,0.0
2019-06-26,35322,23.0,0.2,0.0
2019-06-27,38497,24.0,1.2,0.0
2019-06-28,36411,22.9,0.0,0.0
2019-06-29,26382,22.5,14.6,0.0
2019-06-30,33376,19.9,3.4,0.0
2019-07-01,32084,24.7,0.0,0.0
2019-07-02,40388,24.7,0.0,0.0
2019-07-03,41063,24.7,0.0,0.0
2019-07-04,40394,25.9,0.0,0.0
2019-07-05,35603,25.5,3.8,0.0
2019-07-06,33578,23.8,0.0,0.0
2019-07-07,32911,20.0,0.0,0.0
2019-07-08,36735,20.2,0.0,0.0
2019-07-09,39216,23.6,0.0,0.0
2019-07-10,40652,24.9,0.0,0.0
2019-07-11,21666,23.8,29.8,0.0
2019-07-12,36857,22.1,0.0,0.0
2019-07-13,31164,22.6,0.8,0.0
2019-07-14,28291,21.3,0.0,0.0
2019-07-15,35924,21.7,0.0,0.0
2019-07-16,36474,23.4,0.0,0.0
2019-07-17,38966,22.9,0.0,0.0
2019-07-18,40612,21.7,0.0,0.0
2019-07-19,35273,26.4,4.4,0.0
2019-07-20,29347,28.2,0.0,0.0
2019-07-21,27752,25.0,0.0,0.0
2019-07-22,34525,19.9,0.0,0.0
2019-07-23,37426,21.5,0.0,0.0
2019-07-24,39607,19.0,0.0,0.0
2019-07-25,40285,21.0,0.0,0.0
2019-07-26,38851,24.5,0.0,0.0
2019-07-27,34265,25.6,0.0,0.0
2019-07-28,36545,25.3,1.6,0.0
2019-07-29,34732,26.3,0.0,0.0
2019-07-30,33789,27.3,0.0,0.0
2019-07-31,37871,24.3,0.0,0.0
2019-08-01,39832,21.3,0.0,0.0
2019-08-02,39036,23.1,0.0,0.0
2019-08-03,33340,23.6,0.0,0.0
2019-08-04,32823,19.1,0.0,0.0
2019-08-05,36820,19.5,0.0,0.0
2019-08-06,36854,24.4,0.0,0.0
2019-08-07,32433,22.9,0.4,0.0
2019-08-08,34300,24.1,10.8,0.0
2019-08-09,33235,20.1,10.8,0.0
2019-08-10,26591,17.4,1.4,0.0
2019-08-11,29932,20.5,0.0,0.0
2019-08-12,28722,22.7,3.0,0.0
2019-08-13,36227,22.2,0.0,0.0
2019-08-14,36785,19.7,0.0,0.0
2019-08-15,38273,18.3,0.0,0.0
2019-08-16,36938,20.2,0.8,0.0
2019-08-17,29427,23.0,4.2,0.0
2019-08-18,29783,24.1,0.0,0.0
2019-08-19,33234,23.2,0.4,0.0
2019-08-20,38059,21.7,0.0,0.0
2019-08-21,32198,22.3,3.6,0.0
2019-08-22,37431,21.0,0.0,0.0
2019-08-23,36020,18.4,0.0,0.0
2019-08-24,30537,17.6,0.0,0.0
2019-08-25,37713,18.7,0.0,0.0
2019-08-26,35522,19.8,0.0,0.0
2019-08-27,37475,20.0,0.0,0.0
2019-08-28,18711,19.8,16.8,0.0
2019-08-29,37359,21.3,0.0,0.0
2019-08-30,31419,20.2,10.2,0.0
2019-08-31,28556,17.1,0.0,0.0
2019-09-01,29560,16.4,5.2,0.0
2019-09-02,14531,17.7,27.4,0.0
2019-09-03,34972,15.8,0.0,0.0
2019-09-04,28858,18.9,22.4,0.0
2019-09-05,36933,15.5,0.0,0.0
2019-09-06,35358,16.9,0.0,0.0
2019-09-07,19925,16.5,10.4,0.0
2019-09-08,22494,14.3,0.0,0.0
2019-09-09,31544,13.2,0.0,0.0
2019-09-10,26572,13.2,3.2,0.0
2019-09-11,31520,20.2,3.6,0.0
2019-09-12,34834,15.0,0.0,0.0
2019-09-13,34314,13.8,0.0,0.0
2019-09-14,23734,18.6,7.2,0.0
2019-09-15,23524,14.2,0.0,0.0
2019-09-16,31803,15.7,0.0,0.0
2019-09-17,33798,14.1,0.0,0.0
2019-09-18,33749,13.8,0.0,0.0
2019-09-19,34501,13.7,0.0,0.0
2019-09-20,35209,18.3,0.0,0.0
2019-09-21,31325,19.9,0.0,0.0
2019-09-22,25419,21.3,0.0,0.0
2019-09-23,20747,20.6,5.6,0.0
2019-09-24,30097,14.9,0.6,0.0
2019-09-25,32029,15.9,0.2,0.0
2019-09-26,24111,14.9,7.6,0.0
2019-09-27,40358,14.3,0.2,0.0
2019-09-28,14763,14.9,7.4,0.0
2019-09-29,27443,10.1,0.0,0.0
2019-09-30,26920,9.5,4.0,0.0
2019-10-01,14017,13.1,48.4,0.0
2019-10-02,26547,9.3,0.0,0.0
2019-10-03,24542,6.7,5.4,0.0
2019-10-04,23822,6.8,0.6,0.0
2019-10-05,19613,6.7,0.0,0.0
2019-10-06,15544,11.4,0.0,0.0
2019-10-07,18289,14.2,10.4,0.0
2019-10-08,28226,11.4,0.0,0.0
2019-10-09,26730,10.3,0.0,0.0
2019-10-10,27761,12.6,0.0,0.0
2019-10-11,27242,12.8,0.0,0.0
2019-10-12,18073,13.0,1.2,0.0
2019-10-13,17879,10.5,0.0,0.0
2019-10-14,13734,9.5,0.4,0.0
2019-10-15,24828,8.7,0.0,0.0
2019-10-16,22370,12.2,13.0,0.0
2019-10-17,5616,8.0,55.0,0.0
2019-10-18,21218,6.6,0.2,0.0
2019-10-19,17944,6.2,0.0,0.0
2019-10-20,14862,6.8,0.0,0.0
2019-10-21,23982,8.4,0.0,0.0
2019-10-22,18533,11.6,19.8,0.0
2019-10-23,23179,12.3,6.4,0.0
2019-10-24,21773,9.9,0.0,0.0
2019-10-25,22337,5.8,0.0,0.0
2019-10-26,18019,7.1,0.0,0.0
2019-10-27,4394,8.4,37.2,0.0
2019-10-28,19505,8.8,0.2,0.0
2019-10-29,23396,10.1,0.0,0.0
2019-10-30,23025,12.1,0.6,0.0
2019-10-31,10195,12.0,61.0,0.0
2019-11-01,0,5.8,4.6,0.0
2019-11-02,0,3.1,0.8,0.0
2019-11-03,0,4.9,0.4,0.0
2019-11-04,0,4.7,0.0,0.0
2019-11-05,0,6.5,7.2,0.0
2019-11-06,0,2.7,0.0,1.4
2019-11-07,0,-0.9,0.0,7.0
2019-11-08,0,-2.5,0.0,0.0
2019-11-09,0,-2.2,0.0,0.0
2019-11-10,0,2.5,0.0,0.0
2019-11-11,0,-4.5,0.0,11.6
2019-11-12,0,-7.8,0.0,9.6
2019-11-13,0,-10.3,0.0,0.0
2019-11-14,0,-4.0,0.0,0.4
2019-11-15,0,-3.6,0.2,0.2
2019-11-16,0,-9.8,0.0,0.0
2019-11-17,0,-8.0,0.0,0.0
2019-11-18,0,-5.7,0.0,0.0
2019-11-19,0,-1.0,1.0,0.4
2019-11-20,0,-1.0,0.0,0.0
2019-11-21,0,-1.8,1.6,0.0
2019-11-22,0,1.4,2.6,0.0
2019-11-23,0,-1.6,0.0,0.0
2019-11-24,0,-0.5,0.0,0.0
2019-11-25,0,1.6,0.0,0.0
2019-11-26,0,3.6,0.0,0.0
2019-11-27,0,-0.2,16.2,0.0
2019-11-28,0,-0.6,0.0,1.0
2019-11-29,0,-4.8,0.0,0.0
2019-11-30,0,-7.7,0.0,0.0
2019-12-01,0,-9.2,0.0,0.0
2019-12-02,0,-4.6,0.0,0.0
2019-12-03,0,-3.2,0.0,0.0
2019-12-04,0,-2.3,0.0,2.6
2019-12-05,0,-2.5,0.0,1.8
2019-12-06,0,-6.7,0.0,0.8
2019-12-07,0,-8.6,0.0,0.0
2019-12-08,0,-5.6,0.0,0.2
2019-12-09,0,4.2,7.0,0.0
2019-12-10,0,0.6,0.0,0.0
2019-12-11,0,-6.8,0.0,2.6
2019-12-12,0,-6.5,0.0,0.0
2019-12-13,0,0.4,3.0,0.0
2019-12-14,0,2.1,13.0,0.0
2019-12-15,0,-4.5,0.0,0.4
2019-12-16,0,-7.9,0.0,0.0
2019-12-17,0,-2.9,0.0,1.0
2019-12-18,0,-10.5,0.0,4.0
2019-12-19,0,-17.6,0.0,0.0
2019-12-20,0,-14.3,0.0,0.0
2019-12-21,0,-12.0,0.0,0.0
2019-12-22,0,-3.6,0.0,0.0
2019-12-23,0,3.0,0.0,0.0
2019-12-24,0,-2.6,0.0,0.0
2019-12-25,0,-5.0,0.0,0.0
2019-12-26,0,-6.4,0.4,0.0
2019-12-27,0,-0.8,5.6,0.0
2019-12-28,0,1.0,0.0,0.0
2019-12-29,0,-1.1,0.0,0.0
2019-12-30,0,-2.4,3.4,9.8
2019-12-31,0,-0.4,0.0,10.4
2020-01-01,0,0.2,0.0,0.8
2020-01-02,0,0.8,0.0,0.0
2020-01-03,0,2.9,0.0,0.0
2020-01-04,0,-0.2,0.0,0.4
2020-01-05,0,-7.0,0.0,0.0
2020-01-06,0,-8.7,0.0,3.0
2020-01-07,0,-5.1,0.0,0.2
2020-01-08,0,-5.8,0.0,2.0
2020-01-09,0,-12.3,0.0,0.0
2020-01-10,0,-3.8,0.0,0.0
2020-01-11,0,1.4,43.4,0.8
2020-01-12,0,-6.8,6.4,10.2
2020-01-13,0,-8.7,0.0,0.0
2020-01-14,0,-6.5,0.0,2.0
2020-01-15,0,-3.2,0.0,0.0
2020-01-16,0,-7.1,0.0,4.2
2020-01-17,0,-16.8,0.0,0.0
2020-01-18,0,-15.8,0.0,12.4
2020-01-19,0,-11.7,0.0,3.8
2020-01-20,0,-15.2,0.0,0.0
2020-01-21,0,-11.4,0.0,0.0
2020-01-22,0,-2.0,0.0,0.0
2020-01-23,0,-2.7,0.0,0.0
2020-01-24,0,-1.7,0.0,0.0
2020-01-25,0,-1.9,0.0,15.0
2020-01-26,0,1.1,0.2,4.2
2020-01-27,0,1.2,0.0,0.2
2020-01-28,0,-3.5,0.0,0.0
2020-01-29,0,-9.9,0.0,0.0
2020-01-30,0,-10.5,0.0,0.0
2020-01-31,0,-8.8,0.0,0.4
2020-02-01,0,-5.9,0.0,0.0
2020-02-02,0,-6.3,0.0,0.6
2020-02-03,0,-0.4,0.0,0.0
2020-02-04,0,-0.2,0.0,0.0
2020-02-05,0,-5.4,0.0,0.0
2020-02-06,0,-7.0,0.0,7.6
2020-02-07,0,-8.8,0.0,27.4
2020-02-08,0,-16.6,0.0,0.0
2020-02-09,0,-15.5,0.0,0.0
2020-02-10,0,-7.0,0.0,10.8
2020-02-11,0,-6.8,0.0,0.0
2020-02-12,0,-1.5,0.0,0.0
2020-02-13,0,-7.5,0.0,4.0
2020-02-14,0,-18.8,0.0,0.0
2020-02-15,0,-11.3,0.0,0.0
2020-02-16,0,-0.8,0.0,0.2
2020-02-17,0,-7.6,0.0,0.0
2020-02-18,0,-4.7,0.8,7.0
2020-02-19,0,-5.3,0.0,2.0
2020-02-20,0,-14.7,0.0,0.0
2020-02-21,0,-10.9,0.0,0.0
2020-02-22,0,-0.4,0.0,0.0
2020-02-23,0,0.8,0.0,0.0
2020-02-24,0,4.8,0.0,0.0
2020-02-25,0,1.3,0.0,0.0
2020-02-26,0,-1.4,1.6,1.0
2020-02-27,0,-3.1,12.0,7.0
2020-02-28,0,-8.6,0.0,0.0
2020-02-29,0,-10.8,0.0,0.0
2020-03-01,0,-9.6,0.0,0.0
2020-03-02,0,-1.5,12.2,0.0
2020-03-03,0,2.7,11.2,0.0
2020-03-04,0,1.6,0.0,0.0
2020-03-05,0,0.0,0.0,0.0
2020-03-06,0,-2.9,0.0,2.0
2020-03-07,0,-5.2,0.0,0.0
2020-03-08,0,1.6,0.0,0.0
2020-03-09,0,5.4,0.4,0.0
2020-03-10,0,1.7,11.2,0.0
2020-03-11,0,-3.3,0.0,0.0
2020-03-12,0,-0.7,0.0,0.0
2020-03-13,0,4.6,12.0,0.0
2020-03-14,0,1.4,0.0,0.0
2020-03-15,0,-4.6,0.0,0.0
2020-03-16,0,-4.0,0.0,0.0
2020-03-17,0,3.1,5.4,1.4
2020-03-18,0,0.0,0.0,0.0
2020-03-19,0,4.1,0.0,0.0
2020-03-20,0,7.0,15.6,0.0
2020-03-21,0,-4.7,0.0,0.0
2020-03-22,0,-5.0,0.0,0.0
2020-03-23,0,-2.6,0.0,5.4
2020-03-24,0,2.6,0.0,0.2
2020-03-25,0,3.0,0.0,0.0
2020-03-26,0,7.1,3.2,0.0
2020-03-27,0,3.5,0.0,0.0
2020-03-28,0,3.2,0.0,0.0
2020-03-29,0,4.9,34.8,0.0
2020-03-30,0,5.0,8.8,0.0
2020-03-31,0,3.8,0.0,0.0
2020-04-01,0,2.6,0.0,0.0
2020-04-02,0,3.9,10.4,0.0
2020-04-03,0,6.8,11.4,0.0
2020-04-04,0,7.4,0.0,0.0
2020-04-05,0,6.5,0.0,0.0
2020-04-06,0,5.6,0.0,0.0
2020-04-07,0,6.1,0.0,0.0
2020-04-08,0,4.6,0.0,0.0
2020-04-09,0,3.4,6.2,2.6
2020-04-10,0,4.0,2.2,0.4
2020-04-11,0,3.2,0.0,0.0
2020-04-12,0,6.8,0.0,0.0
2020-04-13,0,10.1,28.4,0.0
2020-04-14,0,4.9,0.0,0.0
2020-04-15,2566,2.2,0.0,0.0
2020-04-16,2345,1.1,0.0,0.2
2020-04-17,2801,1.4,0.0,0.0
2020-04-18,6235,3.4,0.0,0.0
2020-04-19,1997,6.1,1.4,0.0
2020-04-20,4464,1.3,0.0,0.0
2020-04-21,2060,3.8,3.4,0.0
2020-04-22,1925,-1.6,0.0,0.0
2020-04-23,4141,1.5,0.0,0.0
2020-04-24,4967,3.5,0.0,0.0
2020-04-25,10396,7.5,0.0,0.0
2020-04-26,4522,8.8,0.0,0.0
2020-04-27,4244,8.2,0.0,0.0
2020-04-28,6894,9.0,0.0,0.0
2020-04-29,8170,10.7,0.8,0.0
2020-04-30,2703,10.1,9.0,0.0
2020-05-01,5984,12.2,1.6,0.0
2020-05-02,16378,11.1,0.0,0.0
2020-05-03,9521,15.1,3.2,0.0
2020-05-04,5317,8.0,0.0,0.0
2020-05-05,6708,7.1,0.0,0.0
2020-05-06,8662,9.5,0.0,0.0
2020-05-07,7530,9.5,0.4,0.0
2020-05-08,5789,3.2,0.0,0.0
2020-05-09,5769,3.0,0.0,0.0
2020-05-10,5274,6.3,0.0,0.0
2020-05-11,5971,5.3,0.2,0.0
2020-05-12,7526,5.2,0.0,0.0
2020-05-13,9953,7.8,0.0,0.0
2020-05-14,11433,10.8,0.0,0.0
2020-05-15,4453,12.3,20.4,0.0
2020-05-16,15515,14.1,0.0,0.0
2020-05-17,19699,14.7,0.0,0.0
2020-05-18,16847,13.9,0.0,0.0
2020-05-19,11988,14.2,0.0,0.0
2020-05-20,15092,15.4,0.0,0.0
2020-05-21,15422,17.8,0.0,0.0
2020-05-22,18169,19.7,0.0,0.0
2020-05-23,21946,15.9,0.0,0.0
2020-05-24,19999,16.9,0.0,0.0
2020-05-25,12457,19.9,0.0,0.0
2020-05-26,16178,23.9,0.0,0.0
2020-05-27,15293,28.2,0.0,0.0
2020-05-28,14736,25.8,0.0,0.0
2020-05-29,13121,24.7,1.6,0.0
2020-05-30,18047,15.9,5.4,0.0
2020-05-31,13650,9.0,0.8,0.0
2020-06-01,10324,9.1,0.2,0.0
2020-06-02,11839,11.0,0.0,0.0
2020-06-03,12022,13.6,0.6,0.0
2020-06-04,19597,18.8,0.0,0.0
2020-06-05,20183,22.7,10.0,0.0
2020-06-06,17691,19.6,2.0,0.0
2020-06-07,23815,17.2,0.0,0.0
2020-06-08,17282,17.1,0.0,0.0
2020-06-09,17532,18.5,0.2,0.0
2020-06-10,15576,20.8,0.0,0.0
2020-06-11,16235,21.9,1.2,0.0
2020-06-12,18633,15.4,0.0,0.0
2020-06-13,16717,11.9,0.0,0.0
2020-06-14,21850,14.4,0.0,0.0
2020-06-15,17929,16.4,0.0,0.0
2020-06-16,19940,19.9,0.0,0.0
2020-06-17,20814,25.1,0.0,0.0
2020-06-18,20703,25.1,0.0,0.0
2020-06-19,20831,26.2,0.0,0.0
2020-06-20,21552,27.1,0.0,0.0
2020-06-21,18225,26.7,0.0,0.0
2020-06-22,17686,27.7,0.0,0.0
2020-06-23,16503,26.8,13.6,0.0
2020-06-24,20673,21.1,11.6,0.0
2020-06-25,19918,21.1,0.0,0.0
2020-06-26,21182,21.9,0.0,0.0
2020-06-27,19294,22.9,1.6,0.0
2020-06-28,16437,22.9,5.4,0.0
2020-06-29,15878,22.0,0.0,0.0
2020-06-30,19663,21.7,0.0,0.0
2020-07-01,24166,24.0,0.0,0.0
2020-07-02,19453,25.3,0.4,0.0
2020-07-03,23431,24.3,0.0,0.0
2020-07-04,24037,23.2,0.0,0.0
2020-07-05,20462,22.6,0.0,0.0
2020-07-06,20839,22.4,0.0,0.0
2020-07-07,21367,24.6,0.0,0.0
2020-07-08,19908,26.5,5.4,0.0
2020-07-09,21636,27.4,0.0,0.0
2020-07-10,20859,30.1,0.0,0.0
2020-07-11,14914,25.1,14.6,0.0
2020-07-12,19221,25.0,1.0,0.0
2020-07-13,20860,23.6,0.0,0.0
2020-07-14,22301,21.6,0.0,0.0
2020-07-15,23140,21.0,0.0,0.0
2020-07-16,19409,24.3,1.8,0.0
2020-07-17,18940,23.2,16.2,0.0
2020-07-18,23853,25.7,0.2,0.0
2020-07-19,17642,27.5,8.2,0.0
2020-07-20,19883,25.0,2.0,0.0
2020-07-21,22659,21.6,0.0,0.0
2020-07-22,20483,21.7,0.0,0.0
2020-07-23,22551,22.1,0.0,0.0
2020-07-24,23930,22.7,0.0,0.0
2020-07-25,23616,24.8,0.0,0.0
2020-07-26,17454,27.9,14.2,0.0
2020-07-27,14502,26.9,10.4,0.0
2020-07-28,22774,26.0,0.0,0.0
2020-07-29,18158,21.8,11.6,0.0
2020-07-30,21190,22.1,0.8,0.0
2020-07-31,21555,21.9,0.0,0.0
2020-08-01,25297,23.3,0.0,0.0
2020-08-02,11336,24.3,39.4,0.0
2020-08-03,19647,22.3,0.0,0.0
2020-08-04,6626,20.1,37.6,0.0
2020-08-05,19726,19.7,1.2,0.0
2020-08-06,23682,19.7,0.0,0.0
2020-08-07,23509,21.3,0.0,0.0
2020-08-08,24434,21.6,0.0,0.0
2020-08-09,16805,23.6,0.0,0.0
2020-08-10,19688,24.0,0.0,0.0
2020-08-11,17997,27.4,5.4,0.0
2020-08-12,23090,24.9,0.0,0.0
2020-08-13,22986,24.1,0.0,0.0
2020-08-14,23653,22.3,0.0,0.0
2020-08-15,24405,22.4,0.0,0.0
2020-08-16,21939,23.7,0.0,0.0
2020-08-17,16717,21.8,10.4,0.0
2020-08-18,20231,19.7,2.2,0.0
2020-08-19,21949,17.3,0.0,0.0
2020-08-20,19622,16.2,1.8,0.0
2020-08-21,17474,19.9,9.2,0.0
2020-08-22,25118,20.4,0.0,0.0
2020-08-23,17675,23.0,15.2,0.0
2020-08-24,15573,22.8,17.2,0.0
2020-08-25,20291,18.9,0.2,0.0
2020-08-26,20901,14.5,0.0,0.0
2020-08-27,20244,13.1,0.0,0.0
2020-08-28,22777,16.5,0.0,0.0
2020-08-29,6667,16.4,34.4,0.0
2020-08-30,18981,16.9,0.0,0.0
2020-08-31,20342,15.7,0.0,0.0
2020-09-01,19029,19.0,0.0,0.0
2020-09-02,15373,20.0,4.0,0.0
2020-09-03,22960,19.5,0.0,0.0
2020-09-04,21188,17.1,0.6,0.0
2020-09-05,20838,15.7,0.8,0.0
2020-09-06,21217,15.9,0.0,0.0
2020-09-07,13047,19.7,8.6,0.0
2020-09-08,16885,16.8,3.8,0.0
2020-09-09,17826,15.0,0.2,0.0
2020-09-10,15874,14.0,0.2,0.0
2020-09-11,21444,12.7,0.0,0.0
2020-09-12,23064,13.8,0.0,0.0
2020-09-13,8734,18.1,22.0,0.0
2020-09-14,17220,11.5,0.0,0.0
2020-09-15,17112,9.6,0.0,0.0
2020-09-16,20659,17.3,0.0,0.0
2020-09-17,18666,11.4,0.0,0.0
2020-09-18,18216,9.0,0.0,0.0
2020-09-19,17521,7.9,0.0,0.0
2020-09-20,15624,9.3,0.0,0.0
2020-09-21,15867,9.4,0.0,0.0
2020-09-22,17732,10.2,0.0,0.0
2020-09-23,18857,17.8,0.0,0.0
2020-09-24,18293,14.7,2.6,0.0
2020-09-25,18359,12.2,0.0,0.0
2020-09-26,22498,17.2,0.0,0.0
2020-09-27,19085,21.9,0.0,0.0
2020-09-28,16351,21.3,0.0,0.0
2020-09-29,9637,17.5,11.4,0.0
2020-09-30,14068,14.5,21.6,0.0
2020-10-01,13052,14.1,2.4,0.0
2020-10-02,10476,10.3,9.4,0.0
2020-10-03,14471,9.1,0.0,0.0
2020-10-04,14094,10.5,0.0,0.0
2020-10-05,13280,12.6,0.6,0.0
2020-10-06,14827,13.8,0.8,0.0
2020-10-07,9256,12.2,8.0,0.0
2020-10-08,12503,5.9,0.0,0.0
2020-10-09,12524,8.0,0.0,0.0
2020-10-10,12925,15.3,5.6,0.0
2020-10-11,12273,6.2,0.0,0.0
2020-10-12,12644,8.0,0.0,0.0
2020-10-13,4462,9.9,25.6,0.0
2020-10-14,12671,11.6,0.0,0.0
2020-10-15,13497,15.7,2.2,0.0
2020-10-16,7204,8.5,7.0,0.0
2020-10-17,15374,8.8,0.0,0.0
2020-10-18,12081,10.3,0.0,0.0
2020-10-19,6823,10.7,7.8,0.0
2020-10-20,8182,8.4,13.4,0.0
2020-10-21,6319,10.2,11.0,0.0
2020-10-22,11612,9.4,0.0,0.0
2020-10-23,16739,16.4,0.0,0.0
2020-10-24,14255,11.2,4.0,0.0
2020-10-25,9641,3.7,0.0,0.0
2020-10-26,4333,3.6,11.2,0.0
2020-10-27,8684,0.9,0.0,0.0
2020-10-28,8852,4.1,0.0,0.0
2020-10-29,9614,3.0,0.0,0.0
2020-10-30,8821,-0.8,0.0,0.0
2020-10-31,9551,-0.4,0.0,0.0
2020-11-01,5255,4.9,2.4,0.0
2020-11-02,5847,0.3,0.0,1.2
2020-11-03,4959,-0.2,0.0,0.0
2020-11-04,7457,4.7,0.0,0.0
2020-11-05,10865,9.7,0.0,0.0
2020-11-06,12159,12.9,0.0,0.0
2020-11-07,15576,14.7,0.0,0.0
2020-11-08,14906,14.4,0.0,0.0
2020-11-09,11662,13.9,0.0,0.0
2020-11-10,14056,14.7,0.0,0.0
2020-11-11,10635,13.7,0.0,0.0
2020-11-12,9739,3.4,0.0,0.0
2020-11-13,8250,1.7,0.4,0.0
2020-11-14,8332,1.0,0.0,0.0
2020-11-15,4469,1.8,3.6,0.0
2020-11-16,334,5.2,0.4,0.0
2020-11-17,0,-1.2,0.0,0.0
2020-11-18,0,-4.7,0.0,0.0
2020-11-19,0,-0.6,0.0,0.0
2020-11-20,0,6.7,0.0,0.0
2020-11-21,0,2.1,0.0,0.0
2020-11-22,0,-2.3,2.8,10.4
2020-11-23,0,2.7,14.8,0.0
2020-11-24,0,-2.4,0.0,0.0
2020-11-25,0,-2.3,0.0,10.8
2020-11-26,0,0.7,2.8,0.0
2020-11-27,0,4.3,0.6,0.0
2020-11-28,0,4.6,0.0,0.0
2020-11-29,0,5.1,0.0,0.0
2020-11-30,0,4.9,13.6,0.0
2020-12-01,0,6.9,11.0,0.0
2020-12-02,0,1.0,0.0,0.2
2020-12-03,0,1.8,0.0,0.0
2020-12-04,0,3.0,3.8,0.0
2020-12-05,0,0.4,0.0,0.0
2020-12-06,0,-2.4,0.0,0.0
2020-12-07,0,-4.2,0.0,0.0
2020-12-08,0,-5.4,0.0,0.0
2020-12-09,0,-2.9,0.0,4.2
2020-12-10,0,0.3,0.0,0.0
2020-12-11,0,2.1,0.0,0.0
2020-12-12,0,2.2,1.8,0.0
2020-12-13,0,2.3,1.6,0.0
2020-12-14,0,-2.7,0.0,0.4
2020-12-15,0,-10.6,0.0,0.0
2020-12-16,0,-15.2,0.0,0.0
2020-12-17,0,-10.5,0.0,0.0
2020-12-18,0,-10.0,0.0,0.0
2020-12-19,0,-7.8,0.0,0.0
2020-12-20,0,-1.6,0.0,6.2
2020-12-21,0,1.6,0.0,0.0
2020-12-22,0,-2.4,0.0,2.0
2020-12-23,0,-4.4,0.0,2.6
2020-12-24,0,5.7,18.0,0.0
2020-12-25,0,6.5,9.4,1.8
2020-12-26,0,-4.2,0.0,1.0
2020-12-27,0,-5.5,0.0,0.0
2020-12-28,0,0.9,0.0,2.0
2020-12-29,0,-6.0,0.0,0.0
2020-12-30,0,-2.9,3.4,9.2
2020-12-31,0,-1.6,0.8,0.0
2021-01-01,0,-4.0,0.0,1.0
2021-01-02,0,-2.9,0.0,11.4
2021-01-03,0,-2.4,0.0,0.0
2021-01-04,0,-2.4,0.0,0.6
2021-01-05,0,-3.2,0.0,0.0
2021-01-06,0,-4.2,0.0,0.0
2021-01-07,0,-5.8,0.0,0.0
2021-01-08,0,-7.8,0.0,0.0
2021-01-09,0,-5.9,0.0,0.0
2021-01-10,0,-8.8,0.0,0.0
2021-01-11,0,-3.3,0.0,3.0
2021-01-12,0,-0.8,0.0,0.2
2021-01-13,0,0.1,0.0,0.0
2021-01-14,0,0.9,0.0,0.0
2021-01-15,0,-1.1,0.0,0.0
2021-01-16,0,0.8,0.0,23.0
2021-01-17,0,-2.0,0.0,2.2
2021-01-18,0,-9.4,0.0,0.0
2021-01-19,0,-10.6,0.0,0.8
2021-01-20,0,-11.6,0.0,0.0
2021-01-21,0,-9.9,0.0,5.8
2021-01-22,0,-6.6,0.0,0.0
2021-01-23,0,-13.2,0.0,1.2
2021-01-24,0,-14.2,0.0,0.0
2021-01-25,0,-11.1,0.0,0.0
2021-01-26,0,-6.9,0.0,6.4
2021-01-27,0,-4.1,0.0,0.8
2021-01-28,0,-10.8,0.0,0.0
2021-01-29,0,-15.2,0.0,0.2
2021-01-30,0,-15.8,0.0,0.0
2021-01-31,0,-16.9,0.0,0.0
2021-02-01,0,-12.7,0.0,0.0
2021-02-02,0,-4.6,0.0,17.2
2021-02-03,0,-0.6,0.0,3.8
2021-02-04,0,-3.8,0.0,0.0
2021-02-05,0,-3.1,0.0,4.6
2021-02-06,0,-7.1,0.0,0.0
2021-02-07,0,-7.2,0.0,0.2
2021-02-08,0,-11.2,0.0,0.0
2021-02-09,0,-10.3,0.0,1.2
2021-02-10,0,-10.6,0.0,0.0
2021-02-11,0,-12.1,0.0,0.0
2021-02-12,0,-17.1,0.0,0.0
2021-02-13,0,-17.3,0.0,0.0
2021-02-14,0,-9.7,0.0,0.6
2021-02-15,0,-8.1,0.0,1.2
2021-02-16,0,-7.4,0.0,17.2
2021-02-17,0,-12.7,0.0,0.0
2021-02-18,0,-11.5,0.0,0.0
2021-02-19,0,-8.6,0.0,1.8
2021-02-20,0,-8.0,0.0,0.4
2021-02-21,0,-8.5,0.0,0.0
2021-02-22,0,-3.9,0.0,3.2
2021-02-23,0,0.9,0.2,0.4
2021-02-24,0,1.5,0.8,9.8
2021-02-25,0,-4.6,0.0,1.0
2021-02-26,0,-8.7,0.0,0.0
2021-02-27,0,-2.9,0.0,10.2
2021-02-28,0,-0.2,0.6,0.0
2021-03-01,0,-5.1,5.2,0.0
2021-03-02,0,-12.8,0.0,1.0
2021-03-03,0,-3.9,0.0,1.2
2021-03-04,0,-6.4,0.0,0.0
2021-03-05,0,-10.0,0.0,0.0
2021-03-06,0,-8.7,0.0,0.0
2021-03-07,0,-7.5,0.0,0.0
2021-03-08,0,-8.6,0.0,0.0
2021-03-09,0,0.0,0.0,0.0
2021-03-10,0,1.5,0.0,0.0
2021-03-11,0,8.1,2.2,0.0
2021-03-12,0,0.8,0.0,0.0
2021-03-13,0,-4.8,0.0,0.0
2021-03-14,0,-6.8,0.0,0.0
2021-03-15,0,-11.0,0.0,0.0
2021-03-16,0,-5.1,0.0,0.0
2021-03-17,0,0.6,0.0,0.0
2021-03-18,0,-0.2,0.2,0.0
2021-03-19,0,-4.8,0.0,0.0
2021-03-20,0,3.4,0.0,0.0
2021-03-21,0,7.0,0.0,0.0
2021-03-22,0,7.7,0.0,0.0
2021-03-23,0,10.0,0.0,0.0
2021-03-24,0,8.9,2.2,0.0
2021-03-25,0,14.0,2.4,0.0
2021-03-26,0,6.9,22.8,0.0
2021-03-27,0,3.0,0.0,0.0
2021-03-28,0,6.1,8.6,0.0
2021-03-29,0,1.1,0.4,0.0
2021-03-30,0,7.5,0.0,0.0
2021-03-31,0,8.3,3.8,0.0
2021-04-01,0,-0.5,0.4,0.4
2021-04-02,0,-1.0,0.0,0.0
2021-04-03,0,2.3,0.0,0.0
2021-04-04,0,7.0,0.0,0.0
2021-04-05,0,8.4,0.0,0.0
2021-04-06,0,8.5,0.0,0.0
2021-04-07,0,10.3,0.0,0.0
2021-04-08,0,13.3,0.0,0.0
2021-04-09,8451,15.9,0.0,0.0
2021-04-10,17234,15.9,0.0,0.0
2021-04-11,13708,12.4,0.0,0.0
2021-04-12,9639,12.8,0.0,0.0
2021-04-13,13623,12.1,0.0,0.0
2021-04-14,13180,12.4,0.0,0.0
2021-04-15,2942,7.3,24.8,0.0
2021-04-16,3739,6.0,9.8,0.0
2021-04-17,13493,6.5,0.0,0.0
2021-04-18,15451,9.0,0.0,0.0
2021-04-19,13522,12.5,0.0,0.0
2021-04-20,8809,7.7,1.2,0.0
2021-04-21,3420,0.9,0.0,5.0
2021-04-22,6284,0.8,0.0,0.0
2021-04-23,13860,8.2,0.0,0.0
2021-04-24,22039,14.0,0.0,0.0
2021-04-25,8488,9.2,2.4,0.0
2021-04-26,10006,4.9,0.0,0.0
2021-04-27,15412,8.5,0.0,0.0
2021-04-28,8991,12.9,5.4,0.0
2021-04-29,14911,13.7,1.2,0.0
2021-04-30,4446,7.8,29.8,0.0
2021-05-01,17335,6.0,0.6,0.0
2021-05-02,18743,10.2,0.0,0.0
2021-05-03,11773,7.0,0.2,0.0
2021-05-04,13582,11.5,0.6,0.0
2021-05-05,10574,10.6,1.4,0.0
2021-05-06,19223,9.7,0.0,0.0
2021-05-07,19622,9.7,0.0,0.0
2021-05-08,20103,11.6,0.0,0.0
2021-05-09,20140,11.1,0.0,0.0
2021-05-10,16768,11.2,0.4,0.0
2021-05-11,13890,9.7,1.4,0.0
2021-05-12,18168,11.5,0.0,0.0
2021-05-13,21657,13.3,0.0,0.0
2021-05-14,23990,17.4,0.0,0.0
2021-05-15,28086,17.3,0.0,0.0
2021-05-16,21699,15.9,0.6,0.0
2021-05-17,22460,17.7,0.0,0.0
2021-05-18,23722,19.8,0.0,0.0
2021-05-19,24635,19.1,0.0,0.0
2021-05-20,23137,23.3,0.0,0.0
2021-05-21,25418,25.4,0.0,0.0
2021-05-22,23459,23.5,0.2,0.0
2021-05-23,21850,15.8,0.0,0.0
2021-05-24,25897,14.0,0.0,0.0
2021-05-25,20639,19.7,3.2,0.0
2021-05-26,18964,24.5,1.0,0.0
2021-05-27,22662,12.2,0.0,0.0
2021-05-28,24841,8.4,0.0,0.0
2021-05-29,30069,11.4,0.0,0.0
2021-05-30,17568,13.4,2.0,0.0
2021-05-31,22448,15.7,0.0,0.0
2021-06-01,25209,19.0,2.0,0.0
2021-06-02,28705,20.0,0.0,0.0
2021-06-03,15885,17.6,5.6,0.0
2021-06-04,30196,22.2,0.0,0.0
2021-06-05,22893,22.6,14.8,0.0
2021-06-06,27515,24.5,0.0,0.0
2021-06-07,25650,27.4,0.0,0.0
2021-06-08,26565,26.5,0.0,0.0
2021-06-09,29399,23.8,0.0,0.0
2021-06-10,30429,17.9,0.0,0.0
2021-06-11,31604,19.9,0.2,0.0
2021-06-12,33597,21.6,0.0,0.0
2021-06-13,29184,21.6,3.4,0.0
2021-06-14,18636,20.6,8.6,0.0
2021-06-15,25693,18.4,0.2,0.0
2021-06-16,29939,16.1,0.0,0.0
2021-06-17,31367,18.4,0.0,0.0
2021-06-18,22029,21.2,5.8,0.0
2021-06-19,31033,21.8,2.2,0.0
2021-06-20,28688,22.2,0.0,0.0
2021-06-21,22444,24.5,4.4,0.0
2021-06-22,25768,15.8,0.0,0.0
2021-06-23,30508,15.6,0.0,0.0
2021-06-24,31776,20.8,0.0,0.0
2021-06-25,30428,22.3,0.0,0.0
2021-06-26,12536,21.5,21.8,0.0
2021-06-27,25380,27.1,0.0,0.0
2021-06-28,26562,27.3,3.4,0.0
2021-06-29,28523,25.5,0.2,0.0
2021-06-30,25200,23.2,31.0,0.0
2021-07-01,31730,20.9,0.0,0.0
2021-07-02,29013,17.8,0.0,0.0
2021-07-03,28300,16.4,0.0,0.0
2021-07-04,28323,18.6,0.0,0.0
2021-07-05,30392,20.5,0.0,0.0
2021-07-06,25510,23.6,1.0,0.0
2021-07-07,30251,17.0,0.0,0.0
2021-07-08,17292,16.9,18.2,0.0
2021-07-09,29627,18.5,0.0,0.0
2021-07-10,33866,19.7,0.0,0.0
2021-07-11,30693,21.0,0.0,0.0
2021-07-12,28958,23.4,0.0,0.0
2021-07-13,23037,23.3,6.2,0.0
2021-07-14,28746,24.3,0.0,0.0
2021-07-15,32428,24.9,3.8,0.0
2021-07-16,31980,22.2,0.0,0.0
2021-07-17,33605,21.8,0.0,0.0
2021-07-18,26131,22.3,0.4,0.0
2021-07-19,28890,23.5,0.0,0.0
2021-07-20,22477,21.3,11.0,0.0
2021-07-21,28338,19.9,2.4,0.0
2021-07-22,32377,21.4,0.0,0.0
2021-07-23,33150,21.4,0.0,0.0
2021-07-24,33639,22.0,0.6,0.0
2021-07-25,26726,22.8,13.6,0.0
2021-07-26,28279,22.9,0.0,0.0
2021-07-27,26314,19.1,2.0,0.0
2021-07-28,32785,19.0,0.0,0.0
2021-07-29,24618,17.8,1.2,0.0
2021-07-30,29615,16.7,0.0,0.0
2021-07-31,32193,17.6,0.0,0.0
2021-08-01,24753,17.2,0.0,0.0
2021-08-02,29169,19.5,0.0,0.0
2021-08-03,31052,21.1,0.0,0.0
2021-08-04,31560,21.3,0.0,0.0
2021-08-05,32821,22.6,0.0,0.0
2021-08-06,34078,24.8,0.0,0.0
2021-08-07,31624,23.9,1.0,0.0
2021-08-08,30419,23.8,0.0,0.0
2021-08-09,27145,25.3,0.4,0.0
2021-08-10,29596,26.6,10.8,0.0
2021-08-11,28945,27.1,5.6,0.0
2021-08-12,31659,26.6,0.0,0.0
2021-08-13,33479,26.7,0.0,0.0
2021-08-14,34924,21.6,0.0,0.0
2021-08-15,32892,18.7,0.0,0.0
2021-08-16,30311,19.8,0.0,0.0
2021-08-17,29444,21.3,0.2,0.0
2021-08-18,32580,25.4,0.4,0.0
2021-08-19,25967,23.5,1.4,0.0
2021-08-20,34921,26.0,0.0,0.0
2021-08-21,33304,27.9,0.0,0.0
2021-08-22,30408,28.2,0.0,0.0
2021-08-23,30420,26.4,0.0,0.0
2021-08-24,33053,27.5,0.0,0.0
2021-08-25,34271,26.6,0.0,0.0
2021-08-26,34936,28.4,0.0,0.0
2021-08-27,39151,21.3,0.0,0.0
2021-08-28,25170,18.2,1.4,0.0
2021-08-29,22873,19.3,8.0,0.0
2021-08-30,31041,24.8,6.9,0.0
2021-08-31,36386,21.5,0.0,0.0
2021-09-01,36289,18.4,0.0,0.0
2021-09-02,35354,16.0,0.2,0.0
2021-09-03,36630,18.3,0.2,0.0
2021-09-04,37089,19.2,0.0,0.0
2021-09-05,20989,19.5,15.2,0.0
2021-09-06,19261,17.2,6.4,0.0
2021-09-07,34667,17.5,0.0,0.0
2021-09-08,27250,18.8,1.6,0.0
2021-09-09,34642,20.1,1.8,0.0
2021-09-10,36228,17.4,0.4,0.0
2021-09-11,36611,18.4,0.0,0.0
2021-09-12,32353,19.1,0.6,0.0
2021-09-13,32138,17.8,0.0,0.0
2021-09-14,33811,15.8,0.0,0.0
2021-09-15,31669,17.6,11.8,0.0
2021-09-16,37704,16.7,0.0,0.0
2021-09-17,38517,19.5,0.0,0.0
2021-09-18,36246,18.6,0.0,0.0
2021-09-19,32542,15.2,0.0,0.0
2021-09-20,32991,17.2,0.0,0.0
2021-09-21,33581,20.4,0.0,0.0
2021-09-22,31807,21.0,1.2,0.0
2021-09-23,35067,24.7,5.2,0.0
2021-09-24,32514,18.4,25.0,0.0
2021-09-25,36887,16.9,0.0,0.0
2021-09-26,29180,16.2,0.0,0.0
2021-09-27,23748,13.5,3.6,0.0
2021-09-28,30799,10.9,0.6,0.0
2021-09-29,28979,11.4,0.0,0.0
2021-09-30,32108,11.8,0.4,0.0
2021-10-01,32138,12.4,0.4,0.0
2021-10-02,15855,11.8,5.8,0.0
2021-10-03,22593,12.8,1.0,0.0
2021-10-04,25891,11.9,0.0,0.0
2021-10-05,29566,13.5,0.0,0.0
2021-10-06,32802,14.4,0.0,0.0
2021-10-07,34686,14.5,0.0,0.0
2021-10-08,35258,15.5,0.0,0.0
2021-10-09,30434,15.0,0.0,0.0
2021-10-10,22432,16.2,0.4,0.0
2021-10-11,23703,17.8,0.0,0.0
2021-10-12,30800,18.1,0.0,0.0
2021-10-13,28381,16.7,0.6,0.0
2021-10-14,31432,18.4,0.0,0.0
2021-10-15,30961,17.8,0.6,0.0
2021-10-16,15106,15.8,19.6,0.0
2021-10-17,23284,10.8,0.2,0.0
2021-10-18,21101,9.7,0.8,0.0
2021-10-19,24034,8.6,0.0,0.0
2021-10-20,28311,11.2,0.0,0.0
2021-10-21,21137,11.6,5.8,0.0
2021-10-22,22883,8.9,14.2,0.0
2021-10-23,23284,4.9,0.0,0.0
2021-10-24,20736,7.2,0.0,0.0
2021-10-25,17618,5.4,1.2,0.0
2021-10-26,16268,9.3,7.2,0.0
2021-10-27,24017,9.4,0.0,0.0
2021-10-28,24552,7.1,0.0,0.0
2021-10-29,25949,6.8,0.0,0.0
2021-10-30,20367,7.6,12.8,0.0
2021-10-31,6862,9.5,38.0,0.0
2021-11-01,20369,7.6,0.0,0.0
2021-11-02,19639,5.5,4.4,0.0
2021-11-03,20371,1.7,0.0,0.0
2021-11-04,20320,1.3,0.0,0.0
2021-11-05,20336,3.4,0.0,0.0
2021-11-06,19915,5.0,0.0,0.0
2021-11-07,17844,7.0,0.0,0.0
2021-11-08,20011,10.0,0.0,0.0
2021-11-09,21285,9.6,0.0,0.0
2021-11-10,21250,6.2,0.0,0.0
2021-11-11,20855,3.5,0.0,0.0
2021-11-12,12066,7.1,21.8,0.0
2021-11-13,12249,4.5,3.0,0.0
2021-11-14,13773,3.5,3.0,0.0
2021-11-15,10230,2.5,5.8,0.0
2021-11-16,0,-0.5,0.0,0.0
2021-11-17,0,-1.6,2.8,0.0
2021-11-18,0,4.8,6.0,0.0
2021-11-19,0,1.3,0.0,0.0
2021-11-20,0,0.2,0.0,0.0
2021-11-21,0,4.5,4.4,0.0
2021-11-22,0,1.8,2.0,0.0
2021-11-23,0,-3.5,0.0,0.0
2021-11-24,0,-3.0,0.0,0.0
2021-11-25,0,0.2,1.2,0.0
2021-11-26,0,0.7,5.2,3.6
2021-11-27,0,-4.2,0.0,0.0
2021-11-28,0,-5.6,0.0,0.0
2021-11-29,0,-5.4,0.0,0.0
2021-11-30,0,-3.6,0.0,0.2
2021-12-01,0,-1.8,0.0,0.0
2021-12-02,0,2.4,4.4,0.2
2021-12-03,0,-3.5,0.0,0.0
2021-12-04,0,-6.9,0.0,0.2
2021-12-05,0,-6.1,0.0,5.6
2021-12-06,0,2.3,23.0,8.2
2021-12-07,0,-3.2,0.0,0.0
2021-12-08,0,-9.0,0.0,1.0
2021-12-09,0,-8.2,0.0,1.2
2021-12-10,0,-5.4,0.0,0.8
2021-12-11,0,4.3,16.8,0.0
2021-12-12,0,3.0,0.0,0.0
2021-12-13,0,6.0,0.0,0.0
2021-12-14,0,-1.8,0.0,0.0
2021-12-15,0,-2.7,1.8,3.6
2021-12-16,0,7.6,0.4,0.0
2021-12-17,0,4.7,0.0,0.0
2021-12-18,0,-4.0,0.0,8.2
2021-12-19,0,-10.1,0.0,0.6
2021-12-20,0,-7.1,0.0,0.0
2021-12-21,0,-2.4,0.0,1.2
2021-12-22,0,-4.8,0.0,0.0
2021-12-23,0,-12.3,0.0,0.0
2021-12-24,0,-10.2,0.0,0.0
2021-12-25,0,-6.4,0.0,2.2
2021-12-26,0,-2.2,0.0,0.6
2021-12-27,0,-7.0,0.0,0.0
2021-12-28,0,-5.8,0.0,2.0
2021-12-29,0,-5.2,0.0,0.0
2021-12-30,0,-4.2,0.0,0.6
2021-12-31,0,-1.7,0.0,0.2
2022-01-01,0,-0.6,2.0,0.4
2022-01-02,0,-8.7,0.0,5.0
2022-01-03,0,-17.0,0.0,0.0
2022-01-04,0,-10.3,0.0,0.0
2022-01-05,0,-2.6,0.0,0.8
2022-01-06,0,-3.1,0.0,0.0
2022-01-07,0,-10.5,0.0,1.6
2022-01-08,0,-14.1,0.0,0.0
2022-01-09,0,-4.1,0.8,2.6
2022-01-10,0,-13.9,0.0,0.0
2022-01-11,0,-20.1,0.0,0.0
2022-01-12,0,-12.7,0.0,1.2
2022-01-13,0,-8.6,0.0,2.0
2022-01-14,0,-14.8,0.0,0.0
2022-01-15,0,-22.6,0.0,0.0
2022-01-16,0,-18.8,0.0,0.0
2022-01-17,0,-10.1,0.0,16.4
2022-01-18,0,-14.5,0.0,0.0
2022-01-19,0,-11.5,0.0,5.6
2022-01-20,0,-14.9,0.0,0.0
2022-01-21,0,-22.3,0.0,0.0
2022-01-22,0,-21.5,0.0,0.0
2022-01-23,0,-15.3,0.0,0.2
2022-01-24,0,-19.1,0.0,0.6
2022-01-25,0,-14.2,0.0,0.2
2022-01-26,0,-20.8,0.0,0.0
2022-01-27,0,-13.2,0.0,2.4
2022-01-28,0,-13.0,0.0,1.0
2022-01-29,0,-17.1,0.0,0.0
2022-01-30,0,-16.3,0.0,0.0
2022-01-31,0,-12.9,0.0,0.0
2022-02-01,0,-9.1,0.0,0.0
2022-02-02,0,1.6,2.2,0.0
2022-02-03,0,-4.9,3.6,8.6
2022-02-04,0,-12.3,0.0,6.0
2022-02-05,0,-15.9,0.0,0.0
2022-02-06,0,-14.1,0.0,0.0
2022-02-07,0,-6.6,0.0,0.0
2022-02-08,0,-5.2,0.0,0.0
2022-02-09,0,-3.6,0.0,0.0
2022-02-10,0,2.0,0.6,0.4
2022-02-11,0,2.6,0.8,0.0
2022-02-12,0,-5.6,1.6,0.0
2022-02-13,0,-17.5,0.0,0.0
2022-02-14,0,-14.6,0.0,0.0
2022-02-15,0,-12.7,0.0,0.0
2022-02-16,0,-4.6,0.0,0.0
2022-02-17,0,1.1,27.6,4.4
2022-02-18,0,-10.9,0.0,14.6
2022-02-19,0,-8.1,0.0,6.0
2022-02-20,0,-6.7,0.0,0.0
2022-02-21,0,-2.2,0.0,0.0
2022-02-22,0,-5.7,12.2,1.4
2022-02-23,0,-4.9,0.4,0.0
2022-02-24,0,-12.8,0.0,0.0
2022-02-25,0,-14.0,0.0,11.2
2022-02-26,0,-11.8,0.0,0.0
2022-02-27,0,-7.1,0.0,1.4
2022-02-28,0,-14.7,0.0,0.0
2022-03-01,0,-11.2,0.0,8.8
2022-03-02,0,-8.7,0.0,1.4
2022-03-03,0,-11.9,0.0,0.0
2022-03-04,0,-11.6,0.0,0.0
2022-03-05,0,-8.4,0.0,0.0
2022-03-06,0,4.2,6.6,0.0
2022-03-07,0,1.5,4.2,4.8
2022-03-08,0,-3.4,0.0,0.0
2022-03-09,0,-0.6,0.0,0.0
2022-03-10,0,-0.6,0.0,0.0
2022-03-11,0,-1.0,0.0,4.4
2022-03-12,0,-3.8,0.0,2.8
2022-03-13,0,-7.0,0.0,0.0
2022-03-14,0,0.1,0.6,0.2
2022-03-15,0,-1.0,0.0,0.0
2022-03-16,0,0.9,0.0,0.0
2022-03-17,0,8.2,0.0,0.0
2022-03-18,0,5.4,0.0,0.0
2022-03-19,0,3.3,20.8,0.0
2022-03-20,0,2.7,3.6,0.0
2022-03-21,0,2.7,0.0,0.0
2022-03-22,0,0.5,0.0,0.0
2022-03-23,0,-0.3,0.0,0.0
2022-03-24,0,4.6,24.4,0.0
2022-03-25,0,5.4,9.8,0.0
2022-03-26,0,4.3,0.0,0.0
2022-03-27,0,-3.5,0.0,0.0
2022-03-28,0,-9.6,0.0,0.6
2022-03-29,0,-4.0,0.0,0.0
2022-03-30,0,-2.4,1.6,0.0
2022-03-31,0,5.3,0.8,0.0
2022-04-01,0,3.6,0.6,0.0
2022-04-02,0,1.9,0.0,0.0
2022-04-03,0,2.5,0.4,0.0
2022-04-04,0,4.6,0.0,0.0
2022-04-05,0,5.6,0.0,0.0
2022-04-06,0,6.9,0.0,0.0
2022-04-07,0,4.5,42.6,0.0
2022-04-08,0,4.2,8.0,0.0
2022-04-09,0,5.0,0.2,0.0
2022-04-10,0,4.8,0.0,0.0
2022-04-11,0,5.2,0.2,0.0
2022-04-12,0,11.9,1.8,0.0
2022-04-13,3686,9.2,8.2,0.0
2022-04-14,9106,8.9,5.8,0.0
2022-04-15,21093,9.0,8.2,0.0
2022-04-16,17113,4.9,5.2,0.0
2022-04-17,12938,3.5,0.0,0.0
2022-04-18,18901,3.8,3.8,0.0
2022-04-19,4790,2.5,9.2,19.4
2022-04-20,17645,5.1,0.0,0.0
2022-04-21,12548,6.6,3.6,0.0
2022-04-22,24711,8.1,0.0,0.0
2022-04-23,25926,4.7,0.0,0.0
2022-04-24,22016,8.4,0.0,0.0
2022-04-25,22854,12.3,0.4,0.0
2022-04-26,25516,12.1,4.2,0.0
2022-04-27,11554,5.4,12.0,0.8
2022-04-28,27204,6.2,0.0,0.0
2022-04-29,29804,7.4,0.0,0.0
2022-04-30,36998,9.5,0.0,0.0
2022-05-01,37222,11.4,0.0,0.0
2022-05-02,27833,11.8,0.0,0.0
2022-05-03,36085,14.4,2.6,0.0
2022-05-04,30030,12.6,5.0,0.0
2022-05-05,41126,11.1,0.0,0.0
2022-05-06,39820,10.6,0.0,0.0
2022-05-07,40647,8.6,0.0,0.0
2022-05-08,38585,11.3,0.0,0.0
2022-05-09,33832,14.5,0.0,0.0
2022-05-10,42803,18.2,0.0,0.0
2022-05-11,43383,19.2,0.0,0.0
2022-05-12,47652,21.7,0.0,0.0
2022-05-13,50277,22.5,0.0,0.0
2022-05-14,52630,23.7,0.0,0.0
2022-05-15,31911,20.6,0.4,0.0
2022-05-16,29617,18.7,10.4,0.0
2022-05-17,32682,13.6,0.4,0.0
2022-05-18,46365,11.8,0.0,0.0
2022-05-19,26872,10.2,6.4,0.0
2022-05-20,48986,17.1,0.0,0.0
2022-05-21,44999,25.2,0.0,0.0
2022-05-22,38305,18.3,0.0,0.0
2022-05-23,37811,11.3,0.0,0.0
2022-05-24,42932,12.2,0.0,0.0
2022-05-25,49009,15.3,0.0,0.0
2022-05-26,41818,19.2,0.6,0.0
2022-05-27,26532,19.1,31.2,0.0
2022-05-28,47495,18.1,1.0,0.0
2022-05-29,52075,19.4,0.0,0.0
2022-05-30,43544,21.5,0.0,0.0
2022-05-31,46155,16.2,0.0,0.0
